[0m[🌿[0m] [0mApplying cmdline param [[1;39m 'BUILD_MINIMAL': '(unset)' --> 'yes' early [0m][0m
[0m[🌿[0m] [0mApplying cmdline param [[1;39m 'IGNORE_UBOOT_PATCHES': '(unset)' --> 'yes' early [0m][0m
[0m[🌿[0m] [0mApplying cmdline param [[1;39m 'BUILD_DESKTOP': '(unset)' --> 'no' early [0m][0m
[0m[🌿[0m] [0mApplying cmdline param [[1;39m 'EXPERT': '(unset)' --> 'yes' early [0m][0m
[0m[🌿[0m] [0mApplying cmdline param [[1;39m 'BRANCH': '(unset)' --> 'current' early [0m][0m
[0m[🌿[0m] [0mApplying cmdline param [[1;39m 'NO_APT_CACHER': '(unset)' --> 'yes' early [0m][0m
[0m[🌿[0m] [0mApplying cmdline param [[1;39m 'BOARD': '(unset)' --> 'geekbox' early [0m][0m
[0m[🌿[0m] [0mApplying cmdline param [[1;39m 'RELEASE': '(unset)' --> 'bookworm' early [0m][0m
[0m[🌿[0m] [0mApplying cmdline param [[1;39m 'KERNEL_CONFIGURE': '(unset)' --> 'no' early [0m][0m
[0m[💥[0m] [0mPROBLEM: don't run ./compile.sh as root or with sudo [[1;31m PROBLEM: don't run ./compile.sh as root or with sudo [0m][0m
[0m[🌱[0m] [0mStarting single build process [[1;32m geekbox [0m][0m
[0m[🌱[0m] [0mSourcing board configuration [[1;32m /app/armbian-build/config/boards/geekbox.conf [0m][0m
[0m[✅[0m] [0mchange-tracking: after sourcing board file config/boards/geekbox.conf [[1;36m [1;34mBOARDFAMILY[0m=[0;34m'[1;34mrockchip64[0;34m' [0m][0m
[0m[✅[0m] [0mchange-tracking: after sourcing board file config/boards/geekbox.conf [[1;36m [1;34mBOOTBRANCH[0m=[0;34m'[1;34mbranch:master[0;34m' [0m][0m
[0m[✅[0m] [0mchange-tracking: after sourcing board file config/boards/geekbox.conf [[1;36m [1;34mBOOTCONFIG[0m=[0;34m'[1;34mgeekbox_defconfig[0;34m' [0m][0m
[0m[✅[0m] [0mchange-tracking: after sourcing board file config/boards/geekbox.conf [[1;36m [1;34mATF_COMPILE[0m=[0;34m'[1;34myes[0;34m' [0m][0m
[0m[✅[0m] [0mchange-tracking: after defaulting LINUXFAMILY to BOARDFAMILY [[1;36m [1;34mLINUXFAMILY[0m=[0;34m'[1;34mrockchip64[0;34m' [0m][0m
[0m[🌱[0m] [0mStarting main configuration[0m
[0m[🌱[0m] [0mUsing REVISION from [[1;32m main VERSION file: '26.11.0-trunk' [0m][0m
[0m[🌿[0m] [0mEnabling extension [[1;39m armbian-config [0m][0m
[0m[🌿[0m] [0mEnabling extension [[1;39m uboot-binman-fix-pkg-resources [0m][0m
[0m[🌿[0m] [0mEnabling extension [[1;39m uboot-fix-pylibfdt-swig [0m][0m
[0m[🌱[0m] [0mSourcing family configuration [[1;32m /app/armbian-build/config/sources/families/rockchip64.conf [0m][0m
[0m[🌿[0m] [0mEnabling extension [[1;39m rkbin-tools [0m][0m
[0m[🌱[0m] [0mDetermined BOOT_SOC from BOOTCONFIG [[1;32m BOOT_SOC: 'rk3368'; BOOTCONFIG: 'geekbox_defconfig' [0m][0m
[0m[🌱[0m] [0mPreparing boot configuration [[1;32m rockchip64_common::prepare_boot_configuration() [0m][0m
[0m[✅[0m] [0mchange-tracking: after sourcing family config [[1;36m [1;34mKERNEL_MAJOR_MINOR[0m=[0;34m'[1;34m6.18[0;34m' [0m][0m
[0m[✅[0m] [0mchange-tracking: after sourcing family config [[1;36m [1;34mLINUXCONFIG[0m=[0;34m'[1;34mlinux-rockchip64-current[0;34m' [0m][0m
[0m[✅[0m] [0mchange-tracking: after sourcing family config [[1;36m [1;34mBOOTPATCHDIR[0m=[0;34m'[1;34mu-boot-rockchip64[0;34m' [0m][0m
[0m[✅[0m] [0mchange-tracking: after sourcing family config [[1;36m [1;34mATF_COMPILE[0m=[0;34m'[1;34mno[0;34m'  [0m# (was: 'yes') [0m][0m
[0m[✅[0m] [0mchange-tracking: after sourcing family config [[1;36m [1;34mNETWORKING_STACK[0m=[0;34m'[1;34msystemd-networkd[0;34m' [0m][0m
[0m[🌱[0m] [0mSourcing arch configuration [[1;32m arm64.conf [0m][0m
[0m[✅[0m] [0mchange-tracking: after sourcing arm64 arch [[1;36m [1;34mATF_COMPILER[0m=[0;34m'[1;34maarch64-linux-gnu-[0;34m' [0m][0m
[0m[✅[0m] [0mchange-tracking: after sourcing arm64 arch [[1;36m [1;34mKERNEL_COMPILER[0m=[0;34m'[1;34maarch64-linux-gnu-[0;34m' [0m][0m
[0m[✅[0m] [0mchange-tracking: after sourcing arm64 arch [[1;36m [1;34mUBOOT_COMPILER[0m=[0;34m'[1;34maarch64-linux-gnu-[0;34m' [0m][0m
[0m[🌱[0m] [0mUsing NETWORKING_STACK [[1;32m NETWORKING_STACK: systemd-networkd [0m][0m
[0m[🌱[0m] [0mAdding networking extensions [[1;32m net-systemd-networkd, net-systemd-timesyncd [0m][0m
[0m[🌿[0m] [0mEnabling extension [[1;39m net-systemd-networkd [0m][0m
[0m[🌿[0m] [0mEnabling extension [[1;39m net-systemd-timesyncd [0m][0m
[0m[🌱[0m] [0mExtension manager [[1;32m processed 15 Extension Methods calls and 34 Extension Method implementations [0m][0m
[0m[🌱[0m] [0mrockchip64_common: defaulting SERIALCON [[1;32m Setting SERIALCON to ttyS2 for SoC='rk3368' BRANCH='current' [0m][0m
[0m[🌱[0m] [0mExtension: net-systemd-timesyncd: Adding extra packages to image [[1;32m systemd-timesyncd [0m][0m
[0m[🌱[0m] [0mExtension: net-systemd-networkd: Adding extra packages to image [[1;32m netplan.io [0m][0m
[0m[🌱[0m] [0mKERNELPATCHDIR is unset; using 'archive/rockchip64-6.18' [[1;32m common_defaults_for_mainline [0m][0m
[0m[🌱[0m] [0mmainline-kernel: default to branch / rolling stable version [[1;32m Using KERNELBRANCH='branch:linux-6.18.y' for KERNEL_MAJOR_MINOR='6.18' [0m][0m
[0m[✅[0m] [0mchange-tracking: after late_family_config hooks [[1;36m [1;34mKERNELSOURCE[0m=[0;34m'[1;34mhttps://git.kernel.org/pub/scm/linux/kernel/git/stable/linux.git[0;34m' [0m][0m
[0m[✅[0m] [0mchange-tracking: after late_family_config hooks [[1;36m [1;34mKERNELBRANCH[0m=[0;34m'[1;34mbranch:linux-6.18.y[0;34m' [0m][0m
[0m[✅[0m] [0mchange-tracking: after late_family_config hooks [[1;36m [1;34mKERNELPATCHDIR[0m=[0;34m'[1;34marchive/rockchip64-6.18[0;34m' [0m][0m
[0m[✅[0m] [0mchange-tracking: after late_family_config hooks [[1;36m [1;34mKERNEL_PATCH_ARCHIVE_BASE[0m=[0;34m'[1;34mrockchip64[0;34m' [0m][0m
[0m[✅[0m] [0mchange-tracking: after late_family_config hooks [[1;36m [1;34mBOOTSOURCE[0m=[0;34m'[1;34mhttps://github.com/u-boot/u-boot[0;34m' [0m][0m
[0m[✅[0m] [0mchange-tracking: after late_family_config hooks [[1;36m [1;34mBOOTDIR[0m=[0;34m'[1;34mu-boot[0;34m' [0m][0m
[0m[✅[0m] [0mchange-tracking: before handling KERNEL_MAJOR_MINOR in config_post_main [[1;36m [1;34mBOOTSOURCEDIR[0m=[0;34m'[1;34mu-boot-worktree/u-boot/master[0;34m' [0m][0m
[0m[🚸[0m] [0mNot-installing software-properties-common [[1;35m For distro 'Debian' release 'bookworm' [0m][0m
[0m[✅[0m] [0mchange-tracking: before calling extension_finish_config [[1;36m [1;34mLINUXSOURCEDIR[0m=[0;34m'[1;34mlinux-kernel-worktree/6.18__rockchip64__arm64[0;34m' [0m][0m
[0m[🌱[0m] [0mChecking [[1;32m basic host setup [0m][0m
[0m[🌱[0m] [0mBuild host OS release [[1;32m noble [0m][0m
[0m[🌱[0m] [0mBuild host architecture [[1;32m amd64 [0m][0m
[0m[🌱[0m] [0mConfiguration prepared for BOARD build [[1;32m geekbox.conf [0m][0m
[0m[✨[0m] [0mRepeat Build Options (early) [[1;32m ./compile.sh BOARD=geekbox BRANCH=current BUILD_DESKTOP=no BUILD_MINIMAL=yes EXPERT=yes IGNORE_UBOOT_PATCHES=yes KERNEL_CONFIGURE=no NO_APT_CACHER=yes RELEASE=bookworm [0m][0m
[0m[🌱[0m] [0mChecked directory OK for mount options [[1;32m /app/armbian-build/.tmp ('main temporary dir') [0m][0m
[0m[🌱[0m] [0mPreparing [[1;32m host [0m][0m
[0m[🌱[0m] [0mPython2 not available on host release 'noble' [[1;32m ancient u-boot versions might/will fail to build [0m][0m
[0m[🌱[0m] [0mSyncing clock [[1;32m host [0m][0m
[0m[🌱[0m] [0mCross arch build [[1;32m target arm64 on host amd64 [0m][0m
grep: /proc/modules: No such file or directory
[0m[🌱[0m] [0mchecking [[1;32m arch-test for 'arm64' [0m][0m
[0m[🌱[0m] [0mAggregating packages [[1;32m rootfs [0m][0m
[0m[🌱[0m] [0mPython3 version [[1;32m 3.12.3 - 'Python 3.12.3' [0m][0m
[0m[🌱[0m] [0mpip3 version [[1;32m 26.2.1 [0m][0m
[0m[🌱[0m] [0mUsing cached pip packages for Python tools [[1;32m ff60e741626a141411e9d033e09547e1c77a9dfbcd16786d9cd572300c8f15ac [0m][0m
[0m[🌱[0m] [0martifact [[1;32m uboot :: uboot() [0m][0m
[0m[🌱[0m] [0mDownloading required [[1;32m ORAS tooling [0m][0m
#=#=#                                                                          ##O#-#                                                                         #                                                                          1.4%######################################################################## 100.0%
[0m[🌱[0m] [0mProducing new & caching [[1;32m GIT_INFO_UBOOT [0m][0m
[0m[🌱[0m] [0mFetching SHA1 of 'branch' 'refs/heads/master' [[1;32m https://github.com/u-boot/u-boot [0m][0m
[0m[🌱[0m] [0mQuerying git remote for branch 'refs/heads/master' [[1;32m --exit-code https://github.com/u-boot/u-boot refs/heads/master [0m][0m
[0m[🌱[0m] [0mSHA1 of branch refs/heads/master [[1;32m 'ece349ade2973e220f524ce59e59711cc919263f' [0m][0m
[0m[🌱[0m] [0mGetting ORAS manifest [[1;32m ORAS manifest from ghcr.io/armbian/os/uboot-geekbox-current:2026.07-Sece3-P8f7f-Hadda-V4114-B6a81-R448a [0m][0m
[0m[🚸[0m] [0mORAS manifest fetch error [[1;35m Error response from registry: denied: requested access to the resource is denied [0m][0m
[0m[🌱[0m] [0mArtifact is not available in remote cache [[1;32m ghcr.io/armbian/os/uboot-geekbox-current:2026.07-Sece3-P8f7f-Hadda-V4114-B6a81-R448a [0m][0m
[0m[🌱[0m] [0mGetting sources from Git [[1;32m rkbin-tools master [0m][0m
[0m[🌿[0m] [0mInitializing empty git local copy [[1;39m git init: rkbin-tools master [0m][0m
[0m[🌿[0m] [0mFetching updates from remote repository [[1;39m rkbin-tools master [0m][0m
[0m[🌱[0m] [0mgit: Fetch from remote completed, rev-parsing... [[1;32m 'rkbin-tools' 'master' 'FETCH_HEAD' [0m][0m
[0m[🌱[0m] [0mInstalling [[1;32m rkbin-tools [0m][0m
[0m[🌱[0m] [0mPreparing u-boot bare git tree [[1;32m ~390 MiB download, first use only [0m][0m
[0m[🌱[0m] [0mPreparing bare u-boot git tree [[1;32m this might take a long time [0m][0m
[0m[🌱[0m] [0mGetting sources from Git [[1;32m u-boot master [0m][0m
[0m[🌿[0m] [0mFetching updates from remote repository [[1;39m u-boot master [0m][0m
[0m[🌱[0m] [0mgit: Fetch from remote completed, rev-parsing... [[1;32m 'u-boot' 'master' 'FETCH_HEAD' [0m][0m
[0m[🌿[0m] [0mUsing u-boot revision SHA1 [[1;39m ece349ade2973e220f524ce59e59711cc919263f [0m][0m
[0m[🌱[0m] [0mCleaning up u-boot git bundle artifacts [[1;32m no longer needed [0m][0m
[0m[🌱[0m] [0mCompiling u-boot [[1;32m 2026.07 /app/armbian-build/cache/sources/u-boot-worktree/u-boot/master [0m][0m
[0m[🌱[0m] [0mCompiler version [[1;32m aarch64-linux-gnu-gcc '13.3.0' [0m][0m
[0m[🌿[0m] [0m{u-boot:1}  Checking out to clean sources SHA1 ece349ade2973e220f524ce59e59711cc919263f [[1;39m {u-boot-worktree/u-boot/master} for  [0m][0m
[0m[🌿[0m] [0m{u-boot:1}  Cleaning u-boot tree [[1;39m u-boot-worktree/u-boot/master for '' [0m][0m
[0m[🌱[0m] [0mCalling Python patching script for U-Boot: [[1;32m https://github.com/u-boot/u-boot - branch:master [0m][0m
[0m[🌱[0m] [0mUsing U-Boot patch dir: [[1;32m u-boot-rockchip64 [0m][0m
[0m[💥[0m] [0m    👇👇👇 Showing logfile below 👇👇👇 [[1;31m /app/armbian-build/.tmp/logs-e4ca9b0c-4853-4bda-91d7-8b9b96ee4ce5/023.000.compile_uboot.log [0m][0m
[0m[👉]    --> (45) [1;32mINFO[0m: Compiling u-boot [ [1;32m2026.07 /app/armbian-build/cache/sources/u-boot-worktree/u-boot/master[0m ]
[0m[👉]    --> (45) [1;32mINFO[0m: Compiler version [ [1;32maarch64-linux-gnu-gcc '13.3.0'[0m ]
[0m[👉]    --> (45) [1;39mINFO[0m: {u-boot:1}  Checking out to clean sources SHA1 ece349ade2973e220f524ce59e59711cc919263f [ [1;39m{u-boot-worktree/u-boot/master} for [0m ]
[0m[👉]    --> (45) [1;39mINFO[0m: {u-boot:1}  Cleaning u-boot tree [ [1;39mu-boot-worktree/u-boot/master for ''[0m ]
[0m[👉]    --> (45) [0;36mCOMMAND[0m: git --no-pager clean -xfdq
[0m[👉]    --> (46) [1;32mINFO[0m: Calling Python patching script for U-Boot: [ [1;32mhttps://github.com/u-boot/u-boot - branch:master[0m ]
[0m[👉]    --> (46) [1;32mINFO[0m: Using U-Boot patch dir: [ [1;32mu-boot-rockchip64[0m ]
[0m[👉]    --> (46) [0;36mCOMMAND[0m: [...shortened u-boot patching...] /usr/bin/python3 /app/armbian-build/lib/tools/patching.py
[0m[👉]    [1;33mFailed to parse unidiff for file /app/armbian-build/patch/u-boot/u-boot-rockchip64/add-board-fine3399-dts.patch(:1): 'Hunk diff line expected: 	rk3399-evb.dtb \'[0m
[0m[👉]    [1;33mFailed to parse unidiff for file /app/armbian-build/patch/u-boot/u-boot-rockchip64/add-new-board-xiaobao-nas-dts.patch(:1): 'Hunk diff line expected: 	rk3399pro-rock-pi-n10.dtb \'[0m
[0m[👉]    [1;33mFailed to parse unidiff for file /app/armbian-build/patch/u-boot/u-boot-rockchip64/rk3399-always-init-rkclk.patch(:1): 'Hunk diff line expected: 		rkclk_init(priv->cru);'[0m
[0m[👉]    [1;32mApplying 45 patches from 45 files of which 45 patches in regular, sorted files...[0m
[0m[👉]    [1;32m-> 01/45: add-board-clockworkpi-a06(:1) (+242/-0)[1M, 3A] {rk3399-clockworkpi-a06.dts, clockworkpi-a06-rk3399_defconfig, rk3399-clockworkpi-a06-u-boot.dtsi, Makefile}[0m
[0m[👉]    [31mProblem with ->add-board-clockworkpi-a06(:1) (+242/-0)[1M, 3A] {rk3399-clockworkpi-a06.dts, clockworkpi-a06-rk3399_defconfig, rk3399-clockworkpi-a06-u-boot.dtsi, Makefile}<-: Failed to apply patch /app/armbian-build/patch/u-boot/u-boot-rockchip64/add-board-clockworkpi-a06.patch[0m
[0m[👉]    [1;32m-> 02/45: add-board-fine3399-dts(:1) [0m
[0m[👉]    [1;32m-> 03/45: add-board-helios64(:1) (+2109/-0)[2M, 10A] {rk3399-kobol-helios64.dts, helios64.c, sys_otp.c, helios64-rk3399_defconfig, rk3399-kobol-helios64-u-boot.dtsi, helios64.h, Kconfig, sys_otp.h, MAINTAINERS, Makefile}[0m
[0m[👉]    [31mProblem with ->add-board-helios64(:1) (+2109/-0)[2M, 10A] {rk3399-kobol-helios64.dts, helios64.c, sys_otp.c, helios64-rk3399_defconfig, rk3399-kobol-helios64-u-boot.dtsi, helios64.h, Kconfig, sys_otp.h, MAINTAINERS, Makefile}<-: Failed to apply patch /app/armbian-build/patch/u-boot/u-boot-rockchip64/add-board-helios64.patch[0m
[0m[👉]    [1;32m-> 04/45: add-board-nanopi-m4v2(:1) (+188/-0)[1M, 3A] {nanopi-m4v2-rk3399_defconfig, rk3399-nanopi-m4v2.dts, rk3399-nanopi-m4v2-u-boot.dtsi, Makefile}[0m
[0m[👉]    [31mProblem with ->add-board-nanopi-m4v2(:1) (+188/-0)[1M, 3A] {nanopi-m4v2-rk3399_defconfig, rk3399-nanopi-m4v2.dts, rk3399-nanopi-m4v2-u-boot.dtsi, Makefile}<-: Failed to apply patch /app/armbian-build/patch/u-boot/u-boot-rockchip64/add-board-nanopi-m4v2.patch[0m
[0m[👉]    [1;32m-> 05/45: add-board-orangepi-4(:1) (+299/-0)[1M, 3A] {rk3399-orangepi-4.dts, orangepi-4-rk3399_defconfig, rk3399-orangepi-4-u-boot.dtsi, Makefile}[0m
[0m[👉]    [31mProblem with ->add-board-orangepi-4(:1) (+299/-0)[1M, 3A] {rk3399-orangepi-4.dts, orangepi-4-rk3399_defconfig, rk3399-orangepi-4-u-boot.dtsi, Makefile}<-: Failed to apply patch /app/armbian-build/patch/u-boot/u-boot-rockchip64/add-board-orangepi-4.patch[0m
[0m[👉]    [1;32m-> 06/45: add-board-orangepi-r1-plus-0(:1) (+506/-0)[1M, 3A] {rk3328-orangepi-r1-plus.dts, orangepi_r1_plus_rk3328_defconfig, rk3328-orangepi-r1-plus-u-boot.dtsi, Makefile}[0m
[0m[👉]    [31mProblem with ->add-board-orangepi-r1-plus-0(:1) (+506/-0)[1M, 3A] {rk3328-orangepi-r1-plus.dts, orangepi_r1_plus_rk3328_defconfig, rk3328-orangepi-r1-plus-u-boot.dtsi, Makefile}<-: Failed to apply patch /app/armbian-build/patch/u-boot/u-boot-rockchip64/add-board-orangepi-r1-plus-0.patch[0m
[0m[👉]    [1;32m-> 07/45: add-board-orangepi-r1-plus-lts(:1) (+713/-0)[2M, 2A] {rk3328-orangepi-r1-plus-lts.dts, orangepi_r1_plus_lts_rk3328_defconfig, phy.c, Makefile}[0m
[0m[👉]    [31mProblem with ->add-board-orangepi-r1-plus-lts(:1) (+713/-0)[2M, 2A] {rk3328-orangepi-r1-plus-lts.dts, orangepi_r1_plus_lts_rk3328_defconfig, phy.c, Makefile}<-: Failed to apply patch /app/armbian-build/patch/u-boot/u-boot-rockchip64/add-board-orangepi-r1-plus-lts.patch[0m
[0m[👉]    [1;32m-> 08/45: add-board-rock-pi-s(:1) (+339/-1)[1M, 3A] {rk3308-rock-pi-s.dts, rock-pi-s-rk3308_defconfig, rk3308-rock-pi-s-u-boot.dtsi, Makefile}[0m
[0m[👉]    [31mProblem with ->add-board-rock-pi-s(:1) (+339/-1)[1M, 3A] {rk3308-rock-pi-s.dts, rock-pi-s-rk3308_defconfig, rk3308-rock-pi-s-u-boot.dtsi, Makefile}<-: Failed to apply patch /app/armbian-build/patch/u-boot/u-boot-rockchip64/add-board-rock-pi-s.patch[0m
[0m[👉]    [1;32m-> 09/45: add-new-board-tinker-edge-r(:1) (+1190/-1)[1M, 4A] {rk3399pro-tinker_edge_r.dtsi, tinker-edge-r_rk3399pro_defconfig, rk3399pro-tinker_edge_r-u-boot.dtsi, rk3399pro-tinker_edge_r.dts, Makefile}[0m
[0m[👉]    [31mProblem with ->add-new-board-tinker-edge-r(:1) (+1190/-1)[1M, 4A] {rk3399pro-tinker_edge_r.dtsi, tinker-edge-r_rk3399pro_defconfig, rk3399pro-tinker_edge_r-u-boot.dtsi, rk3399pro-tinker_edge_r.dts, Makefile}<-: Failed to apply patch /app/armbian-build/patch/u-boot/u-boot-rockchip64/add-new-board-tinker-edge-r.patch[0m
[0m[👉]    [1;32m-> 10/45: add-new-board-xiaobao-nas-dts(:1) [0m
[0m[👉]    [31mProblem with ->add-new-board-xiaobao-nas-dts(:1) <-: Failed to apply patch /app/armbian-build/patch/u-boot/u-boot-rockchip64/add-new-board-xiaobao-nas-dts.patch[0m
[0m[👉]    [1;32m-> 11/45: add-trust-ini(:1) (+15/-0)[1A] {trust.ini}[0m
[0m[👉]    [1;32m-> 12/45: board-pinebook-pro-0001-usb-regulator(:1) (+19/-2)[1M] {rk3399-pinebook-pro.dts}[0m
[0m[👉]    [1;33mPatch ->board-pinebook-pro-0001-usb-regulator(:1) (+19/-2)[1M] {rk3399-pinebook-pro.dts}<- needs fixing: can't find file to patch.[0m
[0m[👉]    [31mProblem with ->board-pinebook-pro-0001-usb-regulator(:1) (+19/-2)[1M] {rk3399-pinebook-pro.dts}<-: Failed to apply patch /app/armbian-build/patch/u-boot/u-boot-rockchip64/board-pinebook-pro-0001-usb-regulator.patch[0m
[0m[👉]    [1;32m-> 13/45: board-pinebook-pro-0002-light-up-leds(:1) (+12/-0)[1M] {rk3399.c}[0m
[0m[👉]    [1;32m-> 14/45: board-pinebook-pro-0003-spi-flash-support(:1) (+14/-1)[2M] {pinebook-pro-rk3399_defconfig, rk3399-pinebook-pro-u-boot.dtsi}[0m
[0m[👉]    [31mProblem with ->board-pinebook-pro-0003-spi-flash-support(:1) (+14/-1)[2M] {pinebook-pro-rk3399_defconfig, rk3399-pinebook-pro-u-boot.dtsi}<-: Failed to apply patch /app/armbian-build/patch/u-boot/u-boot-rockchip64/board-pinebook-pro-0003-spi-flash-support.patch[0m
[0m[👉]    [1;32m-> 15/45: board-pinebook-pro-0005-panel-reset(:1) (+9/-1)[1M] {pinebook-pro-rk3399.c}[0m
[0m[👉]    [1;33mPatch ->board-pinebook-pro-0005-panel-reset(:1) (+9/-1)[1M] {pinebook-pro-rk3399.c}<- needs fixing: can't find file to patch.[0m
[0m[👉]    [31mProblem with ->board-pinebook-pro-0005-panel-reset(:1) (+9/-1)[1M] {pinebook-pro-rk3399.c}<-: Failed to apply patch /app/armbian-build/patch/u-boot/u-boot-rockchip64/board-pinebook-pro-0005-panel-reset.patch[0m
[0m[👉]    [1;32m-> 16/45: board-pinebook-pro-0007-increase-nvme-timeout(:1) (+6/-0)[1M] {nvme.c}[0m
[0m[👉]    [1;32m-> 17/45: board-rock-pi-4-enable-spi-flash(:1) (+45/-3)[3M] {rk3399-rock-pi-4-u-boot.dtsi, rock-pi-4-rk3399_defconfig, rock-pi-4c-rk3399_defconfig}[0m
[0m[👉]    [31mProblem with ->board-rock-pi-4-enable-spi-flash(:1) (+45/-3)[3M] {rk3399-rock-pi-4-u-boot.dtsi, rock-pi-4-rk3399_defconfig, rock-pi-4c-rk3399_defconfig}<-: Failed to apply patch /app/armbian-build/patch/u-boot/u-boot-rockchip64/board-rock-pi-4-enable-spi-flash.patch[0m
[0m[👉]    [1;32m-> 18/45: board-rockpro64-advanced-recovery(:1) (+9/-0)[1M] {rockpro64-rk3399_defconfig}[0m
[0m[👉]    [1;32m-> 19/45: board-rockpro64-disable-preboot(:1) (+0/-1)[1M] {rockpro64-rk3399_defconfig}[0m
[0m[👉]    [31mProblem with ->board-rockpro64-disable-preboot(:1) (+0/-1)[1M] {rockpro64-rk3399_defconfig}<-: Failed to apply patch /app/armbian-build/patch/u-boot/u-boot-rockchip64/board-rockpro64-disable-preboot.patch[0m
[0m[👉]    [1;32m-> 20/45: enable-DT-overlays-support(:1) (+2/-0)[1M] {Kconfig}[0m
[0m[👉]    [1;32m-> 21/45: general-add-xtx-spi-nor-chips(:1) (+11/-0)[2M] {Kconfig, spi-nor-ids.c}[0m
[0m[👉]    [31mProblem with ->general-add-xtx-spi-nor-chips(:1) (+11/-0)[2M] {Kconfig, spi-nor-ids.c}<-: Failed to apply patch /app/armbian-build/patch/u-boot/u-boot-rockchip64/general-add-xtx-spi-nor-chips.patch[0m
[0m[👉]    [1;32m-> 22/45: general-dwc-otg-usb-fix(:1) (+2/-0)[1M] {dwc2.c}[0m
[0m[👉]    [1;32m-> 23/45: general-fix-compressed-btrfs(:1) (+3/-1)[1M] {inode.c}[0m
[0m[👉]    [31mProblem with ->general-fix-compressed-btrfs(:1) (+3/-1)[1M] {inode.c}<-: Failed to apply patch /app/armbian-build/patch/u-boot/u-boot-rockchip64/general-fix-compressed-btrfs.patch[0m
[0m[👉]    [1;32m-> 24/45: general-fix-use-semantic-versioning(:1) (+1/-1)[1M] {setup.py}[0m
[0m[👉]    [31mProblem with ->general-fix-use-semantic-versioning(:1) (+1/-1)[1M] {setup.py}<-: Failed to apply patch /app/armbian-build/patch/u-boot/u-boot-rockchip64/general-fix-use-semantic-versioning.patch[0m
[0m[👉]    [1;32m-> 25/45: general-fix-zstd-max-window-size(:1) (+7/-2)[1M] {zstd.c}[0m
[0m[👉]    [31mProblem with ->general-fix-zstd-max-window-size(:1) (+7/-2)[1M] {zstd.c}<-: Failed to apply patch /app/armbian-build/patch/u-boot/u-boot-rockchip64/general-fix-zstd-max-window-size.patch[0m
[0m[👉]    [1;32m-> 26/45: general-set-eth1addr(:1) (+5/-0)[1M] {misc.c}[0m
[0m[👉]    [1;33mPatch ->general-set-eth1addr(:1) (+5/-0)[1M] {misc.c}<- needs fixing: can't find file to patch.[0m
[0m[👉]    [31mProblem with ->general-set-eth1addr(:1) (+5/-0)[1M] {misc.c}<-: Failed to apply patch /app/armbian-build/patch/u-boot/u-boot-rockchip64/general-set-eth1addr.patch[0m
[0m[👉]    [1;32m-> 27/45: general-support-recovery-button(:1) (+173/-0)[2M] {boot_mode.c, Kconfig}[0m
[0m[👉]    [1;32m-> 28/45: general-support-rmii-integrated-phy(:1) (+453/-46)[10M] {clk_rk3328.c, rk3229-evb.dts, clk_rk322x.c, phy.txt, rk322x.dtsi, evb-rk3229_defconfig, evb-rk3328_defconfig, gmac_rockchip.c, cru_rk322x.h}[0m
[0m[👉]    [1;33mPatch ->general-support-rmii-integrated-phy(:1) (+453/-46)[10M] {clk_rk3328.c, rk3229-evb.dts, clk_rk322x.c, phy.txt, rk322x.dtsi, evb-rk3229_defconfig, evb-rk3328_defconfig, gmac_rockchip.c, cru_rk322x.h}<- needs fixing: can't find file to patch.[0m
[0m[👉]    [31mProblem with ->general-support-rmii-integrated-phy(:1) (+453/-46)[10M] {clk_rk3328.c, rk3229-evb.dts, clk_rk322x.c, phy.txt, rk322x.dtsi, evb-rk3229_defconfig, evb-rk3328_defconfig, gmac_rockchip.c, cru_rk322x.h}<-: Failed to apply patch /app/armbian-build/patch/u-boot/u-boot-rockchip64/general-support-rmii-integrated-phy.patch[0m
[0m[👉]    [1;32m-> 29/45: nanopi-r2s-rk3328_defconfig-0001-enable-setexpr-fmt-regex(:1) (+3/-1)[1M] {nanopi-r2s-rk3328_defconfig}[0m
[0m[👉]    [31mProblem with ->nanopi-r2s-rk3328_defconfig-0001-enable-setexpr-fmt-regex(:1) (+3/-1)[1M] {nanopi-r2s-rk3328_defconfig}<-: Failed to apply patch /app/armbian-build/patch/u-boot/u-boot-rockchip64/nanopi-r2s-rk3328_defconfig-0001-enable-setexpr-fmt-regex.patch[0m
[0m[👉]    [1;32m-> 30/45: rk3328-efuse-driver(:1) (+87/-2)[2M] {rockchip-efuse.c, rk3328_common.h}[0m
[0m[👉]    [31mProblem with ->rk3328-efuse-driver(:1) (+87/-2)[2M] {rockchip-efuse.c, rk3328_common.h}<-: Failed to apply patch /app/armbian-build/patch/u-boot/u-boot-rockchip64/rk3328-efuse-driver.patch[0m
[0m[👉]    [1;32m-> 31/45: rk3328-resets-for-mmc-controllers(:1) (+7/-0)[1M] {rk3328.dtsi}[0m
[0m[👉]    [1;33mPatch ->rk3328-resets-for-mmc-controllers(:1) (+7/-0)[1M] {rk3328.dtsi}<- needs fixing: can't find file to patch.[0m
[0m[👉]    [31mProblem with ->rk3328-resets-for-mmc-controllers(:1) (+7/-0)[1M] {rk3328.dtsi}<-: Failed to apply patch /app/armbian-build/patch/u-boot/u-boot-rockchip64/rk3328-resets-for-mmc-controllers.patch[0m
[0m[👉]    [1;32m-> 32/45: rk3328-sdmmc_ext-node(:1) (+14/-0)[1M] {rk3328.dtsi}[0m
[0m[👉]    [1;33mPatch ->rk3328-sdmmc_ext-node(:1) (+14/-0)[1M] {rk3328.dtsi}<- needs fixing: can't find file to patch.[0m
[0m[👉]    [31mProblem with ->rk3328-sdmmc_ext-node(:1) (+14/-0)[1M] {rk3328.dtsi}<-: Failed to apply patch /app/armbian-build/patch/u-boot/u-boot-rockchip64/rk3328-sdmmc_ext-node.patch[0m
[0m[👉]    [1;32m-> 33/45: rk3399-always-init-rkclk(:1) [0m
[0m[👉]    [1;32m-> 34/45: rk3399-disable-hdmi-roc-pc(:1) (+0/-4)[1M] {roc-pc-rk3399.h}[0m
[0m[👉]    [1;32m-> 35/45: rk3399-disable-hdmi(:1) (+0/-5)[1M] {evb_rk3399.h}[0m
[0m[👉]    [1;32m-> 36/45: rk3399-ehci-probe-usb2(:1) (+8/-0)[1M] {rk3399-u-boot.dtsi}[0m
[0m[👉]    [1;32m-> 37/45: rk3399-enable-stable-mac(:1) (+4/-0)[1M] {rk3399_common.h}[0m
[0m[👉]    [31mProblem with ->rk3399-enable-stable-mac(:1) (+4/-0)[1M] {rk3399_common.h}<-: Failed to apply patch /app/armbian-build/patch/u-boot/u-boot-rockchip64/rk3399-enable-stable-mac.patch[0m
[0m[👉]    [1;32m-> 38/45: rk3399-nanopc-t4-use-1600MHz-sdram-configuration(:1) (+1/-1)[1M] {rk3399-nanopc-t4-u-boot.dtsi}[0m
[0m[👉]    [1;32m-> 39/45: rk3399-populate-child-node-of-syscon(:1) (+3/-0)[1M] {syscon_rk3399.c}[0m
[0m[👉]    [1;32m-> 40/45: rk3399-rp64-kaslr(:1) (+3/-0)[1M] {nanopi-r4s-rk3399_defconfig}[0m
[0m[👉]    [1;32m-> 41/45: rk3399-rp64-rng(:1) (+6/-0)[1M] {rk3399.dtsi}[0m
[0m[👉]    [1;33mPatch ->rk3399-rp64-rng(:1) (+6/-0)[1M] {rk3399.dtsi}<- needs fixing: can't find file to patch.[0m
[0m[👉]    [31mProblem with ->rk3399-rp64-rng(:1) (+6/-0)[1M] {rk3399.dtsi}<-: Failed to apply patch /app/armbian-build/patch/u-boot/u-boot-rockchip64/rk3399-rp64-rng.patch[0m
[0m[👉]    [1;32m-> 42/45: sdmmc-force-fifo-mode-in-spl(:1) (+4/-0)[1M] {rockchip_dw_mmc.c}[0m
[0m[👉]    [31mProblem with ->sdmmc-force-fifo-mode-in-spl(:1) (+4/-0)[1M] {rockchip_dw_mmc.c}<-: Failed to apply patch /app/armbian-build/patch/u-boot/u-boot-rockchip64/sdmmc-force-fifo-mode-in-spl.patch[0m
[0m[👉]    [1;32m-> 43/45: u-boot-rk-rk3399-usb-start-firefly-rk3399(:1) (+9/-0)[1M] {firefly-rk3399_defconfig}[0m
[0m[👉]    [31mProblem with ->u-boot-rk-rk3399-usb-start-firefly-rk3399(:1) (+9/-0)[1M] {firefly-rk3399_defconfig}<-: Failed to apply patch /app/armbian-build/patch/u-boot/u-boot-rockchip64/u-boot-rk-rk3399-usb-start-firefly-rk3399.patch[0m
[0m[👉]    [1;32m-> 44/45: u-boot-rk-rk3399-usb-start-nanopc-t4(:1) (+4/-0)[1M] {nanopc-t4-rk3399_defconfig}[0m
[0m[👉]    [31mProblem with ->u-boot-rk-rk3399-usb-start-nanopc-t4(:1) (+4/-0)[1M] {nanopc-t4-rk3399_defconfig}<-: Failed to apply patch /app/armbian-build/patch/u-boot/u-boot-rockchip64/u-boot-rk-rk3399-usb-start-nanopc-t4.patch[0m
[0m[👉]    [1;32m-> 45/45: u-boot-rk-rk3399-usb-start(:1) (+1/-1)[1M] {rockchip-common.h}[0m
[0m[👉]    [31mProblem with ->u-boot-rk-rk3399-usb-start(:1) (+1/-1)[1M] {rockchip-common.h}<-: Failed to apply patch /app/armbian-build/patch/u-boot/u-boot-rockchip64/u-boot-rk-rk3399-usb-start.patch[0m
[0m[👉]    [31mFailed to apply 30 patches: ->add-board-clockworkpi-a06(:1) (+242/-0)[1M, 3A] {rk3399-clockworkpi-a06.dts, clockworkpi-a06-rk3399_defconfig, rk3399-clockworkpi-a06-u-boot.dtsi, Makefile}<-,->add-board-helios64(:1) (+2109/-0)[2M, 10A] {rk3399-kobol-helios64.dts, helios64.c, sys_otp.c, helios64-rk3399_defconfig, rk3399-kobol-helios64-u-boot.dtsi, helios64.h, Kconfig, sys_otp.h, MAINTAINERS, Makefile}<-,->add-board-nanopi-m4v2(:1) (+188/-0)[1M, 3A] {nanopi-m4v2-rk3399_defconfig, rk3399-nanopi-m4v2.dts, rk3399-nanopi-m4v2-u-boot.dtsi, Makefile}<-,->add-board-orangepi-4(:1) (+299/-0)[1M, 3A] {rk3399-orangepi-4.dts, orangepi-4-rk3399_defconfig, rk3399-orangepi-4-u-boot.dtsi, Makefile}<-,->add-board-orangepi-r1-plus-0(:1) (+506/-0)[1M, 3A] {rk3328-orangepi-r1-plus.dts, orangepi_r1_plus_rk3328_defconfig, rk3328-orangepi-r1-plus-u-boot.dtsi, Makefile}<-,->add-board-orangepi-r1-plus-lts(:1) (+713/-0)[2M, 2A] {rk3328-orangepi-r1-plus-lts.dts, orangepi_r1_plus_lts_rk3328_defconfig, phy.c, Makefile}<-,->add-board-rock-pi-s(:1) (+339/-1)[1M, 3A] {rk3308-rock-pi-s.dts, rock-pi-s-rk3308_defconfig, rk3308-rock-pi-s-u-boot.dtsi, Makefile}<-,->add-new-board-tinker-edge-r(:1) (+1190/-1)[1M, 4A] {rk3399pro-tinker_edge_r.dtsi, tinker-edge-r_rk3399pro_defconfig, rk3399pro-tinker_edge_r-u-boot.dtsi, rk3399pro-tinker_edge_r.dts, Makefile}<-,->add-new-board-xiaobao-nas-dts(:1) <-,->board-pinebook-pro-0001-usb-regulator(:1) (+19/-2)[1M] {rk3399-pinebook-pro.dts}<-,->board-pinebook-pro-0003-spi-flash-support(:1) (+14/-1)[2M] {pinebook-pro-rk3399_defconfig, rk3399-pinebook-pro-u-boot.dtsi}<-,->board-pinebook-pro-0005-panel-reset(:1) (+9/-1)[1M] {pinebook-pro-rk3399.c}<-,->board-rock-pi-4-enable-spi-flash(:1) (+45/-3)[3M] {rk3399-rock-pi-4-u-boot.dtsi, rock-pi-4-rk3399_defconfig, rock-pi-4c-rk3399_defconfig}<-,->board-rockpro64-disable-preboot(:1) (+0/-1)[1M] {rockpro64-rk3399_defconfig}<-,->general-add-xtx-spi-nor-chips(:1) (+11/-0)[2M] {Kconfig, spi-nor-ids.c}<-,->general-fix-compressed-btrfs(:1) (+3/-1)[1M] {inode.c}<-,->general-fix-use-semantic-versioning(:1) (+1/-1)[1M] {setup.py}<-,->general-fix-zstd-max-window-size(:1) (+7/-2)[1M] {zstd.c}<-,->general-set-eth1addr(:1) (+5/-0)[1M] {misc.c}<-,->general-support-rmii-integrated-phy(:1) (+453/-46)[10M] {clk_rk3328.c, rk3229-evb.dts, clk_rk322x.c, phy.txt, rk322x.dtsi, evb-rk3229_defconfig, evb-rk3328_defconfig, gmac_rockchip.c, cru_rk322x.h}<-,->nanopi-r2s-rk3328_defconfig-0001-enable-setexpr-fmt-regex(:1) (+3/-1)[1M] {nanopi-r2s-rk3328_defconfig}<-,->rk3328-efuse-driver(:1) (+87/-2)[2M] {rockchip-efuse.c, rk3328_common.h}<-,->rk3328-resets-for-mmc-controllers(:1) (+7/-0)[1M] {rk3328.dtsi}<-,->rk3328-sdmmc_ext-node(:1) (+14/-0)[1M] {rk3328.dtsi}<-,->rk3399-enable-stable-mac(:1) (+4/-0)[1M] {rk3399_common.h}<-,->rk3399-rp64-rng(:1) (+6/-0)[1M] {rk3399.dtsi}<-,->sdmmc-force-fifo-mode-in-spl(:1) (+4/-0)[1M] {rockchip_dw_mmc.c}<-,->u-boot-rk-rk3399-usb-start-firefly-rk3399(:1) (+9/-0)[1M] {firefly-rk3399_defconfig}<-,->u-boot-rk-rk3399-usb-start-nanopc-t4(:1) (+4/-0)[1M] {nanopc-t4-rk3399_defconfig}<-,->u-boot-rk-rk3399-usb-start(:1) (+1/-1)[1M] {rockchip-common.h}<-[0m
[0m[👉]    [1;32mSummary: u-boot patching: 45 total patches; 15 applied; 44 with problems; 27 not_mbox; 30 failed_apply; 3 invalid_diff; 18 needs_rebase; 3 overwrites; 7 missing_file[0m
[0m[👉]    [3m                                                          Summary of u-boot patches                                                           [0m
[0m[👉]    ╭───────────────────────────────────────────────────────────┬─────────────────────────────────────┬──────────────────────────────────────────╮
[0m[👉]    │[1m [0m[1mPatch / Status                                           [0m[1m [0m│[1m [0m[1mDiffstat / files                   [0m[1m [0m│[1m [0m[1mAuthor / Subject                        [0m[1m [0m│
[0m[👉]    ├───────────────────────────────────────────────────────────┼─────────────────────────────────────┼──────────────────────────────────────────┤
[0m[👉]    │ [1;31madd-board-clockworkpi-a06[0m                                 │ (+242/-0)[1M, 3A]                   │ :                                        │
[0m[👉]    │                                                           │ rk3399-clockworkpi-a06.dts,         │                                          │
[0m[👉]    │                                                           │ clockworkpi-a06-rk3399_defconfig,   │                                          │
[0m[👉]    │                                                           │ rk3399-clockworkpi-a06-u-boot.dtsi, │                                          │
[0m[👉]    │                                                           │ Makefile                            │                                          │
[0m[👉]    ├───────────────────────────────────────────────────────────┼─────────────────────────────────────┼──────────────────────────────────────────┤
[0m[👉]    │ [1;33madd-board-fine3399-dts[0m                                    │ (+0/-0)[] ?                         │ :                                        │
[0m[👉]    ├───────────────────────────────────────────────────────────┼─────────────────────────────────────┼──────────────────────────────────────────┤
[0m[👉]    │ [1;31madd-board-helios64[0m                                        │ (+2109/-0)[2M, 10A]                 │ Aditya Prayoga: Patching something       │
[0m[👉]    │                                                           │ rk3399-kobol-helios64.dts,          │                                          │
[0m[👉]    │                                                           │ helios64.c, sys_otp.c,              │                                          │
[0m[👉]    │                                                           │ helios64-rk3399_defconfig,          │                                          │
[0m[👉]    │                                                           │ rk3399-kobol-helios64-u-boot.dtsi,  │                                          │
[0m[👉]    │                                                           │ helios64.h, Kconfig, sys_otp.h,     │                                          │
[0m[👉]    │                                                           │ MAINTAINERS, Makefile               │                                          │
[0m[👉]    ├───────────────────────────────────────────────────────────┼─────────────────────────────────────┼──────────────────────────────────────────┤
[0m[👉]    │ [1;31madd-board-nanopi-m4v2[0m                                     │ (+188/-0)[1M, 3A]                   │ :                                        │
[0m[👉]    │                                                           │ nanopi-m4v2-rk3399_defconfig,       │                                          │
[0m[👉]    │                                                           │ rk3399-nanopi-m4v2.dts,             │                                          │
[0m[👉]    │                                                           │ rk3399-nanopi-m4v2-u-boot.dtsi,     │                                          │
[0m[👉]    │                                                           │ Makefile                            │                                          │
[0m[👉]    ├───────────────────────────────────────────────────────────┼─────────────────────────────────────┼──────────────────────────────────────────┤
[0m[👉]    │ [1;31madd-board-orangepi-4[0m                                      │ (+299/-0)[1M, 3A]                   │ :                                        │
[0m[👉]    │                                                           │ rk3399-orangepi-4.dts,              │                                          │
[0m[👉]    │                                                           │ orangepi-4-rk3399_defconfig,        │                                          │
[0m[👉]    │                                                           │ rk3399-orangepi-4-u-boot.dtsi,      │                                          │
[0m[👉]    │                                                           │ Makefile                            │                                          │
[0m[👉]    ├───────────────────────────────────────────────────────────┼─────────────────────────────────────┼──────────────────────────────────────────┤
[0m[👉]    │ [1;31madd-board-orangepi-r1-plus-0[0m                              │ (+506/-0)[1M, 3A]                   │ :                                        │
[0m[👉]    │                                                           │ rk3328-orangepi-r1-plus.dts,        │                                          │
[0m[👉]    │                                                           │ orangepi_r1_plus_rk3328_defconfig,  │                                          │
[0m[👉]    │                                                           │ rk3328-orangepi-r1-plus-u-boot.dtsi │                                          │
[0m[👉]    │                                                           │ , Makefile                          │                                          │
[0m[👉]    ├───────────────────────────────────────────────────────────┼─────────────────────────────────────┼──────────────────────────────────────────┤
[0m[👉]    │ [1;31madd-board-orangepi-r1-plus-lts[0m                            │ (+713/-0)[2M, 2A]                   │ :                                        │
[0m[👉]    │                                                           │ rk3328-orangepi-r1-plus-lts.dts,    │                                          │
[0m[👉]    │                                                           │ orangepi_r1_plus_lts_rk3328_defconf │                                          │
[0m[👉]    │                                                           │ ig, phy.c, Makefile                 │                                          │
[0m[👉]    ├───────────────────────────────────────────────────────────┼─────────────────────────────────────┼──────────────────────────────────────────┤
[0m[👉]    │ [1;31madd-board-rock-pi-s[0m                                       │ (+339/-1)[1M, 3A]                   │ :                                        │
[0m[👉]    │                                                           │ rk3308-rock-pi-s.dts,               │                                          │
[0m[👉]    │                                                           │ rock-pi-s-rk3308_defconfig,         │                                          │
[0m[👉]    │                                                           │ rk3308-rock-pi-s-u-boot.dtsi,       │                                          │
[0m[👉]    │                                                           │ Makefile                            │                                          │
[0m[👉]    ├───────────────────────────────────────────────────────────┼─────────────────────────────────────┼──────────────────────────────────────────┤
[0m[👉]    │ [1;31madd-new-board-tinker-edge-r[0m                               │ (+1190/-1)[1M, 4A]                  │ ARC-MX: add new borad tinker-edge-r, but │
[0m[👉]    │                                                           │ rk3399pro-tinker_edge_r.dtsi,       │ HDMI 4K still appear half grainy screen  │
[0m[👉]    │                                                           │ tinker-edge-r_rk3399pro_defconfig,  │                                          │
[0m[👉]    │                                                           │ rk3399pro-tinker_edge_r-u-boot.dtsi │                                          │
[0m[👉]    │                                                           │ , rk3399pro-tinker_edge_r.dts,      │                                          │
[0m[👉]    │                                                           │ Makefile                            │                                          │
[0m[👉]    ├───────────────────────────────────────────────────────────┼─────────────────────────────────────┼──────────────────────────────────────────┤
[0m[👉]    │ [1;31madd-new-board-xiaobao-nas-dts[0m                             │ (+0/-0)[] ?                         │ :                                        │
[0m[👉]    ├───────────────────────────────────────────────────────────┼─────────────────────────────────────┼──────────────────────────────────────────┤
[0m[👉]    │ [1;33madd-trust-ini[0m                                             │ (+15/-0)[1A] trust.ini              │ :                                        │
[0m[👉]    ├───────────────────────────────────────────────────────────┼─────────────────────────────────────┼──────────────────────────────────────────┤
[0m[👉]    │ [1;31mboard-pinebook-pro-0001-usb-regulator[0m                     │ (+19/-2)[1M]                        │ Nadia Holmquist Pedersen: Add regulator  │
[0m[👉]    │                                                           │ rk3399-pinebook-pro.dts             │ needed for usage of USB                  │
[0m[👉]    ├───────────────────────────────────────────────────────────┼─────────────────────────────────────┼──────────────────────────────────────────┤
[0m[👉]    │ [1;33mboard-pinebook-pro-0002-light-up-leds[0m                     │ (+12/-0)[1M] rk3399.c               │ dhivael: rk3399: light pinebook power    │
[0m[👉]    │                                                           │                                     │ and standby leds during early boot       │
[0m[👉]    ├───────────────────────────────────────────────────────────┼─────────────────────────────────────┼──────────────────────────────────────────┤
[0m[👉]    │ [1;31mboard-pinebook-pro-0003-spi-flash-support[0m                 │ (+14/-1)[2M]                        │ pcm720: support SPI flash boot           │
[0m[👉]    │                                                           │ pinebook-pro-rk3399_defconfig,      │                                          │
[0m[👉]    │                                                           │ rk3399-pinebook-pro-u-boot.dtsi     │                                          │
[0m[👉]    ├───────────────────────────────────────────────────────────┼─────────────────────────────────────┼──────────────────────────────────────────┤
[0m[👉]    │ [1;31mboard-pinebook-pro-0005-panel-reset[0m                       │ (+9/-1)[1M] pinebook-pro-rk3399.c   │ Arnaud Patard: PBP: Fix panel reset      │
[0m[👉]    ├───────────────────────────────────────────────────────────┼─────────────────────────────────────┼──────────────────────────────────────────┤
[0m[👉]    │ [1;33mboard-pinebook-pro-0007-increase-nvme-timeout[0m             │ (+6/-0)[1M] nvme.c                  │ pcm720: drivers: nvme: address NVMe      │
[0m[👉]    │                                                           │                                     │ instability for Pinebook Pro             │
[0m[👉]    ├───────────────────────────────────────────────────────────┼─────────────────────────────────────┼──────────────────────────────────────────┤
[0m[👉]    │ [1;31mboard-rock-pi-4-enable-spi-flash[0m                          │ (+45/-3)[3M]                        │ :                                        │
[0m[👉]    │                                                           │ rk3399-rock-pi-4-u-boot.dtsi,       │                                          │
[0m[👉]    │                                                           │ rock-pi-4-rk3399_defconfig,         │                                          │
[0m[👉]    │                                                           │ rock-pi-4c-rk3399_defconfig         │                                          │
[0m[👉]    ├───────────────────────────────────────────────────────────┼─────────────────────────────────────┼──────────────────────────────────────────┤
[0m[👉]    │ [1;33mboard-rockpro64-advanced-recovery[0m                         │ (+9/-0)[1M]                         │ :                                        │
[0m[👉]    │                                                           │ rockpro64-rk3399_defconfig          │                                          │
[0m[👉]    ├───────────────────────────────────────────────────────────┼─────────────────────────────────────┼──────────────────────────────────────────┤
[0m[👉]    │ [1;31mboard-rockpro64-disable-preboot[0m                           │ (+0/-1)[1M]                         │ :                                        │
[0m[👉]    │                                                           │ rockpro64-rk3399_defconfig          │                                          │
[0m[👉]    ├───────────────────────────────────────────────────────────┼─────────────────────────────────────┼──────────────────────────────────────────┤
[0m[👉]    │ [1;33menable-DT-overlays-support[0m                                │ (+2/-0)[1M] Kconfig                 │ :                                        │
[0m[👉]    ├───────────────────────────────────────────────────────────┼─────────────────────────────────────┼──────────────────────────────────────────┤
[0m[👉]    │ [1;31mgeneral-add-xtx-spi-nor-chips[0m                             │ (+11/-0)[2M] Kconfig, spi-nor-ids.c │ :                                        │
[0m[👉]    ├───────────────────────────────────────────────────────────┼─────────────────────────────────────┼──────────────────────────────────────────┤
[0m[👉]    │ [1;33mgeneral-dwc-otg-usb-fix[0m                                   │ (+2/-0)[1M] dwc2.c                  │ :                                        │
[0m[👉]    ├───────────────────────────────────────────────────────────┼─────────────────────────────────────┼──────────────────────────────────────────┤
[0m[👉]    │ [1;31mgeneral-fix-compressed-btrfs[0m                              │ (+3/-1)[1M] inode.c                 │ Dominique Martinet: btrfs: fix offset    │
[0m[👉]    │                                                           │                                     │ when reading compressed extents          │
[0m[👉]    ├───────────────────────────────────────────────────────────┼─────────────────────────────────────┼──────────────────────────────────────────┤
[0m[👉]    │ [1;31mgeneral-fix-use-semantic-versioning[0m                       │ (+1/-1)[1M] setup.py                │ ColorfulRhino: Use semantic versioning   │
[0m[👉]    │                                                           │                                     │ for pylibfdt                             │
[0m[👉]    ├───────────────────────────────────────────────────────────┼─────────────────────────────────────┼──────────────────────────────────────────┤
[0m[👉]    │ [1;31mgeneral-fix-zstd-max-window-size[0m                          │ (+7/-2)[1M] zstd.c                  │ Alex Shumsky: Fix invalid maxWindowSize  │
[0m[👉]    │                                                           │                                     │ in zstd_decompress                       │
[0m[👉]    ├───────────────────────────────────────────────────────────┼─────────────────────────────────────┼──────────────────────────────────────────┤
[0m[👉]    │ [1;31mgeneral-set-eth1addr[0m                                      │ (+5/-0)[1M] misc.c                  │ :                                        │
[0m[👉]    ├───────────────────────────────────────────────────────────┼─────────────────────────────────────┼──────────────────────────────────────────┤
[0m[👉]    │ [1;33mgeneral-support-recovery-button[0m                           │ (+173/-0)[2M] boot_mode.c, Kconfig  │ Piotr Szczepanik: Enabled advanced       │
[0m[👉]    │                                                           │                                     │ recovery button support for rockchip     │
[0m[👉]    ├───────────────────────────────────────────────────────────┼─────────────────────────────────────┼──────────────────────────────────────────┤
[0m[👉]    │ [1;31mgeneral-support-rmii-integrated-phy[0m                       │ (+453/-46)[10M] clk_rk3328.c,       │ :                                        │
[0m[👉]    │                                                           │ rk3229-evb.dts, clk_rk322x.c,       │                                          │
[0m[👉]    │                                                           │ phy.txt, rk322x.dtsi,               │                                          │
[0m[👉]    │                                                           │ evb-rk3229_defconfig,               │                                          │
[0m[👉]    │                                                           │ evb-rk3328_defconfig,               │                                          │
[0m[👉]    │                                                           │ gmac_rockchip.c, cru_rk322x.h       │                                          │
[0m[👉]    ├───────────────────────────────────────────────────────────┼─────────────────────────────────────┼──────────────────────────────────────────┤
[0m[👉]    │ [1;31mnanopi-r2s-rk3328_defconfig-0001-enable-setexpr-fmt-regex[0m │ (+3/-1)[1M]                         │ Tom Urlings: Enable monitor command      │
[0m[👉]    │                                                           │ nanopi-r2s-rk3328_defconfig         │ setexpr w/fmt and sub/gsub/regex options │
[0m[👉]    ├───────────────────────────────────────────────────────────┼─────────────────────────────────────┼──────────────────────────────────────────┤
[0m[👉]    │ [1;31mrk3328-efuse-driver[0m                                       │ (+87/-2)[2M] rockchip-efuse.c,      │ :                                        │
[0m[👉]    │                                                           │ rk3328_common.h                     │                                          │
[0m[👉]    ├───────────────────────────────────────────────────────────┼─────────────────────────────────────┼──────────────────────────────────────────┤
[0m[👉]    │ [1;31mrk3328-resets-for-mmc-controllers[0m                         │ (+7/-0)[1M] rk3328.dtsi             │ Paolo Sabatino: rk3328: resets for mmc   │
[0m[👉]    │                                                           │                                     │ controllers                              │
[0m[👉]    ├───────────────────────────────────────────────────────────┼─────────────────────────────────────┼──────────────────────────────────────────┤
[0m[👉]    │ [1;31mrk3328-sdmmc_ext-node[0m                                     │ (+14/-0)[1M] rk3328.dtsi            │ Paolo Sabatino: rk3328: sdmmc_ext node   │
[0m[👉]    ├───────────────────────────────────────────────────────────┼─────────────────────────────────────┼──────────────────────────────────────────┤
[0m[👉]    │ [1;33mrk3399-always-init-rkclk[0m                                  │ (+0/-0)[] ?                         │ :                                        │
[0m[👉]    ├───────────────────────────────────────────────────────────┼─────────────────────────────────────┼──────────────────────────────────────────┤
[0m[👉]    │ [1;33mrk3399-disable-hdmi-roc-pc[0m                                │ (+0/-4)[1M] roc-pc-rk3399.h         │ :                                        │
[0m[👉]    ├───────────────────────────────────────────────────────────┼─────────────────────────────────────┼──────────────────────────────────────────┤
[0m[👉]    │ [1;33mrk3399-disable-hdmi[0m                                       │ (+0/-5)[1M] evb_rk3399.h            │ :                                        │
[0m[👉]    ├───────────────────────────────────────────────────────────┼─────────────────────────────────────┼──────────────────────────────────────────┤
[0m[👉]    │ [1;33mrk3399-ehci-probe-usb2[0m                                    │ (+8/-0)[1M] rk3399-u-boot.dtsi      │ schwar3kat: arm: dts: rockchip: rk3399:  │
[0m[👉]    │                                                           │                                     │ usb: ehci: Fix EHCI probe in rk3399 to   │
[0m[👉]    │                                                           │                                     │ access peripherals by USB 2.             │
[0m[👉]    ├───────────────────────────────────────────────────────────┼─────────────────────────────────────┼──────────────────────────────────────────┤
[0m[👉]    │ [1;31mrk3399-enable-stable-mac[0m                                  │ (+4/-0)[1M] rk3399_common.h         │ :                                        │
[0m[👉]    ├───────────────────────────────────────────────────────────┼─────────────────────────────────────┼──────────────────────────────────────────┤
[0m[👉]    │ [1;32mrk3399-nanopc-t4-use-1600MHz-sdram-configuration[0m          │ (+1/-1)[1M]                         │ Lu jicong: nanopc-t4: use 1600MHz sdram  │
[0m[👉]    │                                                           │ rk3399-nanopc-t4-u-boot.dtsi        │ configuration                            │
[0m[👉]    ├───────────────────────────────────────────────────────────┼─────────────────────────────────────┼──────────────────────────────────────────┤
[0m[👉]    │ [1;33mrk3399-populate-child-node-of-syscon[0m                      │ (+3/-0)[1M] syscon_rk3399.c         │ Aditya Prayoga: arm:rockchip:rk3399:     │
[0m[👉]    │                                                           │                                     │ Populate child node of syscon            │
[0m[👉]    ├───────────────────────────────────────────────────────────┼─────────────────────────────────────┼──────────────────────────────────────────┤
[0m[👉]    │ [1;33mrk3399-rp64-kaslr[0m                                         │ (+3/-0)[1M]                         │ :                                        │
[0m[👉]    │                                                           │ nanopi-r4s-rk3399_defconfig         │                                          │
[0m[👉]    ├───────────────────────────────────────────────────────────┼─────────────────────────────────────┼──────────────────────────────────────────┤
[0m[👉]    │ [1;31mrk3399-rp64-rng[0m                                           │ (+6/-0)[1M] rk3399.dtsi             │ :                                        │
[0m[👉]    ├───────────────────────────────────────────────────────────┼─────────────────────────────────────┼──────────────────────────────────────────┤
[0m[👉]    │ [1;31msdmmc-force-fifo-mode-in-spl[0m                              │ (+4/-0)[1M] rockchip_dw_mmc.c       │ =?UTF-8?q?Kamil=20Trzci=C5=84ski?=:      │
[0m[👉]    │                                                           │                                     │ ayufan: rock64: for SPL build always use │
[0m[👉]    │                                                           │                                     │ fifo-mode                                │
[0m[👉]    ├───────────────────────────────────────────────────────────┼─────────────────────────────────────┼──────────────────────────────────────────┤
[0m[👉]    │ [1;31mu-boot-rk-rk3399-usb-start-firefly-rk3399[0m                 │ (+9/-0)[1M]                         │ :                                        │
[0m[👉]    │                                                           │ firefly-rk3399_defconfig            │                                          │
[0m[👉]    ├───────────────────────────────────────────────────────────┼─────────────────────────────────────┼──────────────────────────────────────────┤
[0m[👉]    │ [1;31mu-boot-rk-rk3399-usb-start-nanopc-t4[0m                      │ (+4/-0)[1M]                         │ :                                        │
[0m[👉]    │                                                           │ nanopc-t4-rk3399_defconfig          │                                          │
[0m[👉]    ├───────────────────────────────────────────────────────────┼─────────────────────────────────────┼──────────────────────────────────────────┤
[0m[👉]    │ [1;31mu-boot-rk-rk3399-usb-start[0m                                │ (+1/-1)[1M] rockchip-common.h       │ :                                        │
[0m[👉]    ╰───────────────────────────────────────────────────────────┴─────────────────────────────────────┴──────────────────────────────────────────╯
[0m[👉]    [3m                                                                   Summary of failed patches                                                                    [0m
[0m[👉]    ╭──────────────────────┬──────────────────────────────────────────┬────────────────────────────────────────────────────────────────────────────────────────────╮
[0m[👉]    │[1m [0m[1mPatch               [0m[1m [0m│[1m [0m[1mPatching output                         [0m[1m [0m│[1m [0m[1mRejects                                                                                   [0m[1m [0m│
[0m[👉]    ├──────────────────────┼──────────────────────────────────────────┼────────────────────────────────────────────────────────────────────────────────────────────┤
[0m[👉]    │ [1;31madd-board-clockworkp[0m │ patching file "arch/arm/dts/Makefile"    │ [31m--- arch/arm/dts/Makefile[0m                                                                  │
[0m[👉]    │ [1;31mi-a06[0m                │ Hunk #1 FAILED at 120.                   │ [32m+++ arch/arm/dts/Makefile[0m                                                                  │
[0m[👉]    │                      │ 1 out of 1 [1;31mhunk FAILED[0m -- saving rejects │ [36m@@ -120,6 +120,7 @@ dtb-$(CONFIG_ROCKCHIP_RK3368) += \[0m                                     │
[0m[👉]    │                      │ to file "/tmp/tmpc1pvi4ls"               │     rk3368-px5-evb.dtb \                                                                   │
[0m[👉]    │                      │ patching file                            │                                                                                            │
[0m[👉]    │                      │ "arch/arm/dts/rk3399-clockworkpi-a06-u-b │  dtb-$(CONFIG_ROCKCHIP_RK3399) += \                                                        │
[0m[👉]    │                      │ oot.dtsi"                                │ [32m+   [0m[32mrk3399-clockworkpi-a06.dtb \[0m                                                           │
[0m[👉]    │                      │ patching file                            │     rk3399-evb.dtb \                                                                       │
[0m[👉]    │                      │ "arch/arm/dts/rk3399-clockworkpi-a06.dts │     rk3399-ficus.dtb \                                                                     │
[0m[👉]    │                      │ "                                        │     rk3399-firefly.dtb \                                                                   │
[0m[👉]    │                      │ patching file                            │                                                                                            │
[0m[👉]    │                      │ "configs/clockworkpi-a06-rk3399_defconfi │                                                                                            │
[0m[👉]    │                      │ g"                                       │                                                                                            │
[0m[👉]    │                      │                                          │                                                                                            │
[0m[👉]    ├──────────────────────┼──────────────────────────────────────────┼────────────────────────────────────────────────────────────────────────────────────────────┤
[0m[👉]    │ [1;31madd-board-helios64[0m   │ patching file "arch/arm/dts/Makefile"    │ [31m--- arch/arm/dts/Makefile[0m                                                                  │
[0m[👉]    │                      │ Hunk #1 FAILED at 143.                   │ [32m+++ arch/arm/dts/Makefile[0m                                                                  │
[0m[👉]    │                      │ 1 out of 1 [1;31mhunk FAILED[0m -- saving rejects │ [36m@@ -143,6 +143,7 @@ dtb-$(CONFIG_ROCKCHIP_RK3399) += \[0m                                     │
[0m[👉]    │                      │ to file "/tmp/tmpx2hscm8n"               │     rk3399-firefly.dtb \                                                                   │
[0m[👉]    │                      │ patching file                            │     rk3399-gru-bob.dtb \                                                                   │
[0m[👉]    │                      │ "arch/arm/dts/rk3399-kobol-helios64-u-bo │     rk3399-gru-kevin.dtb \                                                                 │
[0m[👉]    │                      │ ot.dtsi"                                 │ [32m+   [0m[32mrk3399-kobol-helios64.dtb \[0m                                                            │
[0m[👉]    │                      │ patching file                            │     rk3399-khadas-edge.dtb \                                                               │
[0m[👉]    │                      │ "arch/arm/dts/rk3399-kobol-helios64.dts" │     rk3399-khadas-edge-captain.dtb \                                                       │
[0m[👉]    │                      │ patching file                            │     rk3399-khadas-edge-v.dtb \                                                             │
[0m[👉]    │                      │ "arch/arm/mach-rockchip/rk3399/Kconfig"  │                                                                                            │
[0m[👉]    │                      │ Hunk #1 succeeded at 44 [1;33mwith fuzz[0m 2      │                                                                                            │
[0m[👉]    │                      │ ([1;33moffset [0m18 lines).                       │                                                                                            │
[0m[👉]    │                      │ Hunk #2 succeeded at 178 [1;33mwith fuzz[0m 2     │                                                                                            │
[0m[👉]    │                      │ ([1;33moffset [0m9 lines).                        │                                                                                            │
[0m[👉]    │                      │ patching file                            │                                                                                            │
[0m[👉]    │                      │ "board/kobol/helios64/Kconfig"           │                                                                                            │
[0m[👉]    │                      │ patching file                            │                                                                                            │
[0m[👉]    │                      │ "board/kobol/helios64/MAINTAINERS"       │                                                                                            │
[0m[👉]    │                      │ patching file                            │                                                                                            │
[0m[👉]    │                      │ "board/kobol/helios64/Makefile"          │                                                                                            │
[0m[👉]    │                      │ patching file                            │                                                                                            │
[0m[👉]    │                      │ "board/kobol/helios64/helios64.c"        │                                                                                            │
[0m[👉]    │                      │ patching file                            │                                                                                            │
[0m[👉]    │                      │ "board/kobol/helios64/sys_otp.c"         │                                                                                            │
[0m[👉]    │                      │ patching file                            │                                                                                            │
[0m[👉]    │                      │ "board/kobol/helios64/sys_otp.h"         │                                                                                            │
[0m[👉]    │                      │ patching file                            │                                                                                            │
[0m[👉]    │                      │ "configs/helios64-rk3399_defconfig"      │                                                                                            │
[0m[👉]    │                      │ patching file                            │                                                                                            │
[0m[👉]    │                      │ "include/configs/helios64.h"             │                                                                                            │
[0m[👉]    │                      │                                          │                                                                                            │
[0m[👉]    ├──────────────────────┼──────────────────────────────────────────┼────────────────────────────────────────────────────────────────────────────────────────────┤
[0m[👉]    │ [1;31madd-board-nanopi-m4v[0m │ patching file "arch/arm/dts/Makefile"    │ [31m--- arch/arm/dts/Makefile[0m                                                                  │
[0m[👉]    │ [1;31m2[0m                    │ Hunk #1 FAILED at 128.                   │ [32m+++ arch/arm/dts/Makefile[0m                                                                  │
[0m[👉]    │                      │ 1 out of 1 [1;31mhunk FAILED[0m -- saving rejects │ [36m@@ -128,6 +128,7 @@ dtb-$(CONFIG_ROCKCHIP_RK3399) += \[0m                                     │
[0m[👉]    │                      │ to file "/tmp/tmpado_pfok"               │     rk3399-nanopi-m4.dtb \                                                                 │
[0m[👉]    │                      │ patching file                            │     rk3399-nanopi-m4-2gb.dtb \                                                             │
[0m[👉]    │                      │ "arch/arm/dts/rk3399-nanopi-m4v2-u-boot. │     rk3399-nanopi-m4b.dtb \                                                                │
[0m[👉]    │                      │ dtsi"                                    │ [32m+   [0m[32mrk3399-nanopi-m4v2.dtb \[0m                                                               │
[0m[👉]    │                      │ patching file                            │     rk3399-nanopi-neo4.dtb \                                                               │
[0m[👉]    │                      │ "arch/arm/dts/rk3399-nanopi-m4v2.dts"    │     rk3399-orangepi.dtb \                                                                  │
[0m[👉]    │                      │ patching file                            │     rk3399-pinebook-pro.dtb \                                                              │
[0m[👉]    │                      │ "configs/nanopi-m4v2-rk3399_defconfig"   │                                                                                            │
[0m[👉]    │                      │                                          │                                                                                            │
[0m[👉]    ├──────────────────────┼──────────────────────────────────────────┼────────────────────────────────────────────────────────────────────────────────────────────┤
[0m[👉]    │ [1;31madd-board-orangepi-4[0m │ patching file "arch/arm/dts/Makefile"    │ [31m--- arch/arm/dts/Makefile[0m                                                                  │
[0m[👉]    │                      │ Hunk #1 FAILED at 132.                   │ [32m+++ arch/arm/dts/Makefile[0m                                                                  │
[0m[👉]    │                      │ 1 out of 1 [1;31mhunk FAILED[0m -- saving rejects │ [36m@@ -132,6 +132,7 @@ dtb-$(CONFIG_ROCKCHIP_RK3399) += \[0m                                     │
[0m[👉]    │                      │ to file "/tmp/tmpwjsj_bgd"               │     rk3399-nanopi-m4v2.dtb \                                                               │
[0m[👉]    │                      │ patching file                            │     rk3399-nanopi-neo4.dtb \                                                               │
[0m[👉]    │                      │ "arch/arm/dts/rk3399-orangepi-4-u-boot.d │     rk3399-orangepi.dtb \                                                                  │
[0m[👉]    │                      │ tsi"                                     │ [32m+   [0m[32mrk3399-orangepi-4.dtb \[0m                                                                │
[0m[👉]    │                      │ patching file                            │     rk3399-pinebook-pro.dtb \                                                              │
[0m[👉]    │                      │ "arch/arm/dts/rk3399-orangepi-4.dts"     │     rk3399-puma-haikou.dtb \                                                               │
[0m[👉]    │                      │ patching file                            │     rk3399-roc-pc.dtb \                                                                    │
[0m[👉]    │                      │ "configs/orangepi-4-rk3399_defconfig"    │                                                                                            │
[0m[👉]    │                      │                                          │                                                                                            │
[0m[👉]    ├──────────────────────┼──────────────────────────────────────────┼────────────────────────────────────────────────────────────────────────────────────────────┤
[0m[👉]    │ [1;31madd-board-orangepi-r[0m │ patching file "arch/arm/dts/Makefile"    │ [31m--- arch/arm/dts/Makefile[0m                                                                  │
[0m[👉]    │ [1;31m1-plus-0[0m             │ Hunk #1 FAILED at 109.                   │ [32m+++ arch/arm/dts/Makefile[0m                                                                  │
[0m[👉]    │                      │ 1 out of 1 [1;31mhunk FAILED[0m -- saving rejects │ [36m@@ -109,6 +109,7 @@ dtb-$(CONFIG_ROCKCHIP_RK3308) += \[0m                                     │
[0m[👉]    │                      │ to file "/tmp/tmponc60_gp"               │  dtb-$(CONFIG_ROCKCHIP_RK3328) += \                                                        │
[0m[👉]    │                      │ patching file                            │     rk3328-evb.dtb \                                                                       │
[0m[👉]    │                      │ "arch/arm/dts/rk3328-orangepi-r1-plus-u- │     rk3328-nanopi-r2s.dtb \                                                                │
[0m[👉]    │                      │ boot.dtsi"                               │ [32m+   [0m[32mrk3328-orangepi-r1-plus.dtb \[0m                                                          │
[0m[👉]    │                      │ patching file                            │     rk3328-roc-cc.dtb \                                                                    │
[0m[👉]    │                      │ "arch/arm/dts/rk3328-orangepi-r1-plus.dt │     rk3328-rock64.dtb \                                                                    │
[0m[👉]    │                      │ s"                                       │     rk3328-rock-pi-e.dtb                                                                   │
[0m[👉]    │                      │ patching file                            │                                                                                            │
[0m[👉]    │                      │ "configs/orangepi_r1_plus_rk3328_defconf │                                                                                            │
[0m[👉]    │                      │ ig"                                      │                                                                                            │
[0m[👉]    │                      │                                          │                                                                                            │
[0m[👉]    ├──────────────────────┼──────────────────────────────────────────┼────────────────────────────────────────────────────────────────────────────────────────────┤
[0m[👉]    │ [1;31madd-board-orangepi-r[0m │ patching file "arch/arm/dts/Makefile"    │ [31m--- arch/arm/dts/Makefile[0m                                                                  │
[0m[👉]    │ [1;31m1-plus-lts[0m           │ Hunk #1 FAILED at 110.                   │ [32m+++ arch/arm/dts/Makefile[0m                                                                  │
[0m[👉]    │                      │ 1 out of 1 [1;31mhunk FAILED[0m -- saving rejects │ [36m@@ -110,7 +110,8 @@ dtb-$(CONFIG_ROCKCHIP_RK3308) += \[0m                                     │
[0m[👉]    │                      │ to file "/tmp/tmpy_fi4nsk"               │  dtb-$(CONFIG_ROCKCHIP_RK3328) += \                                                        │
[0m[👉]    │                      │ patching file                            │     rk3328-evb.dtb \                                                                       │
[0m[👉]    │                      │ "arch/arm/dts/rk3328-orangepi-r1-plus-lt │     rk3328-nanopi-r2s.dtb \                                                                │
[0m[👉]    │                      │ s.dts"                                   │     rk3328-orangepi-r1-plus.dtb \                                                          │
[0m[👉]    │                      │ patching file                            │ [32m+   [0m[32mrk3328-orangepi-r1-plus-lts.dtb \[0m                                                      │
[0m[👉]    │                      │ "configs/orangepi_r1_plus_lts_rk3328_def │     rk3328-roc-cc.dtb \                                                                    │
[0m[👉]    │                      │ config"                                  │     rk3328-rock64.dtb \                                                                    │
[0m[👉]    │                      │ patching file "drivers/net/phy/phy.c"    │     rk3328-rock-pi-e.dtb                                                                   │
[0m[👉]    │                      │ Hunk #1 succeeded at 513 [1;33mwith fuzz[0m 1     │ [31m--- drivers/net/phy/phy.c[0m                                                                  │
[0m[👉]    │                      │ ([1;33moffset [0m-135 lines).                     │ [32m+++ drivers/net/phy/phy.c[0m                                                                  │
[0m[👉]    │                      │ Hunk #2 FAILED at 648.                   │ [36m@@ -648,6 +653,10 @@ static struct phy_driver *get_phy_driver(struct phy_device *phydev,[0m   │
[0m[👉]    │                      │ 1 out of 2 [1;31mhunks FAILED[0m -- saving        │     int phy_id = phydev->phy_id;                                                           │
[0m[👉]    │                      │ rejects to file "/tmp/tmpy_fi4nsk"       │     struct phy_driver *drv = NULL;                                                         │
[0m[👉]    │                      │                                          │                                                                                            │
[0m[👉]    │                      │                                          │ [32m+   [0m[32mif (phy_id == YT_8531C_PHY_ID)[0m                                                         │
[0m[👉]    │                      │                                          │ [32m+   [0m[32m    [0m[32menv_set("ethernet_phy", "yt8531c");[0m                                                │
[0m[👉]    │                      │                                          │ [32m+   [0m[32melse[0m                                                                                   │
[0m[👉]    │                      │                                          │ [32m+   [0m[32m    [0m[32menv_set("ethernet_phy", "rtl8211f");[0m                                               │
[0m[👉]    │                      │                                          │     list_for_each(entry, &phy_drivers) {                                                   │
[0m[👉]    │                      │                                          │         drv = list_entry(entry, struct phy_driver, list);                                  │
[0m[👉]    │                      │                                          │         if ((drv->uid & drv->mask) == (phy_id & drv->mask))                                │
[0m[👉]    │                      │                                          │                                                                                            │
[0m[👉]    ├──────────────────────┼──────────────────────────────────────────┼────────────────────────────────────────────────────────────────────────────────────────────┤
[0m[👉]    │ [1;31madd-board-rock-pi-s[0m  │ patching file "arch/arm/dts/Makefile"    │ [31m--- arch/arm/dts/Makefile   [0m[31m2020-12-25 15:14:09.980329455 +0200[0m                            │
[0m[👉]    │                      │ Hunk #1 FAILED at 106.                   │ [32m+++ arch/arm/dts/Makefile   [0m[32m2020-12-25 15:14:47.952271432 +0200[0m                            │
[0m[👉]    │                      │ 1 out of 1 [1;31mhunk FAILED[0m -- saving rejects │ [36m@@ -106,7 +106,8 @@[0m                                                                        │
[0m[👉]    │                      │ to file "/tmp/tmpl6sfz7v_"               │                                                                                            │
[0m[👉]    │                      │ patching file                            │  dtb-$(CONFIG_ROCKCHIP_RK3308) += \                                                        │
[0m[👉]    │                      │ "arch/arm/dts/rk3308-rock-pi-s-u-boot.dt │     rk3308-evb.dtb \                                                                       │
[0m[👉]    │                      │ si"                                      │ [31m-   [0m[31mrk3308-roc-cc.dtb[0m                                                                      │
[0m[👉]    │                      │ patching file                            │ [32m+   [0m[32mrk3308-roc-cc.dtb \[0m                                                                    │
[0m[👉]    │                      │ "arch/arm/dts/rk3308-rock-pi-s.dts"      │ [32m+   [0m[32mrk3308-rock-pi-s.dtb[0m                                                                   │
[0m[👉]    │                      │ patching file                            │                                                                                            │
[0m[👉]    │                      │ "configs/rock-pi-s-rk3308_defconfig"     │  dtb-$(CONFIG_ROCKCHIP_RK3328) += \                                                        │
[0m[👉]    │                      │                                          │     rk3328-evb.dtb \                                                                       │
[0m[👉]    │                      │                                          │                                                                                            │
[0m[👉]    ├──────────────────────┼──────────────────────────────────────────┼────────────────────────────────────────────────────────────────────────────────────────────┤
[0m[👉]    │ [1;31madd-new-board-tinker[0m │ patching file "arch/arm/dts/Makefile"    │ [31m--- arch/arm/dts/Makefile[0m                                                                  │
[0m[👉]    │ [1;31m-edge-r[0m              │ Hunk #1 FAILED at 161.                   │ [32m+++ arch/arm/dts/Makefile[0m                                                                  │
[0m[👉]    │                      │ 1 out of 1 [1;31mhunk FAILED[0m -- saving rejects │ [36m@@ -161,7 +161,8 @@ dtb-$(CONFIG_ROCKCHIP_RK3399) += \[0m                                     │
[0m[👉]    │                      │ to file "/tmp/tmpppigod55"               │     rk3399-rock-pi-4c.dtb \                                                                │
[0m[👉]    │                      │ patching file                            │     rk3399-rock960.dtb \                                                                   │
[0m[👉]    │                      │ "arch/arm/dts/rk3399pro-tinker_edge_r-u- │     rk3399-rockpro64.dtb \                                                                 │
[0m[👉]    │                      │ boot.dtsi"                               │ [31m-   [0m[31mrk3399pro-rock-pi-n10.dtb[0m                                                              │
[0m[👉]    │                      │ patching file                            │ [32m+   [0m[32mrk3399pro-rock-pi-n10.dtb \[0m                                                            │
[0m[👉]    │                      │ "arch/arm/dts/rk3399pro-tinker_edge_r.dt │ [32m+   [0m[32mrk3399pro-tinker_edge_r.dtb[0m                                                            │
[0m[👉]    │                      │ s"                                       │                                                                                            │
[0m[👉]    │                      │ patching file                            │  dtb-$(CONFIG_ROCKCHIP_RK3568) += \                                                        │
[0m[👉]    │                      │ "arch/arm/dts/rk3399pro-tinker_edge_r.dt │     rk3568-evb.dtb                                                                         │
[0m[👉]    │                      │ si"                                      │                                                                                            │
[0m[👉]    │                      │ patching file                            │                                                                                            │
[0m[👉]    │                      │ "configs/tinker-edge-r_rk3399pro_defconf │                                                                                            │
[0m[👉]    │                      │ ig"                                      │                                                                                            │
[0m[👉]    │                      │                                          │                                                                                            │
[0m[👉]    ├──────────────────────┼──────────────────────────────────────────┼────────────────────────────────────────────────────────────────────────────────────────────┤
[0m[👉]    │ [1;31madd-new-board-xiaoba[0m │ patching file                            │ [31m--- arch/arm/dts/Makefile[0m                                                                  │
[0m[👉]    │ [1;31mo-nas-dts[0m            │ "configs/xiaobao-nas-rk3399_defconfig"   │ [32m+++ arch/arm/dts/Makefile[0m                                                                  │
[0m[👉]    │                      │ patching file "arch/arm/dts/Makefile"    │ [36m@@ -172,8 +172,9 @@ dtb-$(CONFIG_ROCKCHIP_RK3399) += \[0m                                     │
[0m[👉]    │                      │ Hunk #1 FAILED at 172.                   │     rk3399-rock-pi-4c.dtb \                                                                │
[0m[👉]    │                      │ 1 out of 1 [1;31mhunk FAILED[0m -- saving rejects │     rk3399-rock960.dtb \                                                                   │
[0m[👉]    │                      │ to file "/tmp/tmpqdlogsd2"               │     rk3399-rockpro64.dtb \                                                                 │
[0m[👉]    │                      │ patching file                            │     rk3399pro-rock-pi-n10.dtb \                                                            │
[0m[👉]    │                      │ "arch/arm/dts/rk3399-xiaobao-nas-u-boot. │ [31m-   [0m[31mrk3399pro-tinker_edge_r.dtb[0m                                                            │
[0m[👉]    │                      │ dtsi"                                    │ [32m+   [0m[32mrk3399pro-tinker_edge_r.dtb \[0m                                                          │
[0m[👉]    │                      │ patching file                            │ [32m+   [0m[32mrk3399-xiaobao-nas.dtb[0m                                                                 │
[0m[👉]    │                      │ "arch/arm/dts/rk3399-xiaobao-nas.dts"    │                                                                                            │
[0m[👉]    │                      │                                          │  dtb-$(CONFIG_ROCKCHIP_RK3568) += \                                                        │
[0m[👉]    │                      │                                          │     rk3568-evb.dtb                                                                         │
[0m[👉]    │                      │                                          │                                                                                            │
[0m[👉]    ├──────────────────────┼──────────────────────────────────────────┼────────────────────────────────────────────────────────────────────────────────────────────┤
[0m[👉]    │ [1;31mboard-pinebook-pro-0[0m │ can't find file to patch at input line 9 │ No rejects                                                                                 │
[0m[👉]    │ [1;31m001-usb-regulator[0m    │ Perhaps you used the wrong -p or --strip │                                                                                            │
[0m[👉]    │                      │ option?                                  │                                                                                            │
[0m[👉]    │                      │ The text leading up to this was:         │                                                                                            │
[0m[👉]    │                      │ --------------------------               │                                                                                            │
[0m[👉]    │                      │ |---                                     │                                                                                            │
[0m[👉]    │                      │ | arch/arm/dts/rk3399-pinebook-pro.dts | │                                                                                            │
[0m[👉]    │                      │ 21 +++++++++++++++++++--                 │                                                                                            │
[0m[👉]    │                      │ | 1 file changed, 19 insertions(+), 2    │                                                                                            │
[0m[👉]    │                      │ deletions(-)                             │                                                                                            │
[0m[👉]    │                      │ |                                        │                                                                                            │
[0m[👉]    │                      │ |diff --git                              │                                                                                            │
[0m[👉]    │                      │ a/arch/arm/dts/rk3399-pinebook-pro.dts   │                                                                                            │
[0m[👉]    │                      │ b/arch/arm/dts/rk3399-pinebook-pro.dts   │                                                                                            │
[0m[👉]    │                      │ |index 294d21bf45..6214887a1c 100644     │                                                                                            │
[0m[👉]    │                      │ |---                                     │                                                                                            │
[0m[👉]    │                      │ a/arch/arm/dts/rk3399-pinebook-pro.dts   │                                                                                            │
[0m[👉]    │                      │ |+++                                     │                                                                                            │
[0m[👉]    │                      │ b/arch/arm/dts/rk3399-pinebook-pro.dts   │                                                                                            │
[0m[👉]    │                      │ --------------------------               │                                                                                            │
[0m[👉]    │                      │ No file to patch.  Skipping patch.       │                                                                                            │
[0m[👉]    │                      │ 4 out of 4[1;33m hunks ignored[0m                 │                                                                                            │
[0m[👉]    │                      │                                          │                                                                                            │
[0m[👉]    ├──────────────────────┼──────────────────────────────────────────┼────────────────────────────────────────────────────────────────────────────────────────────┤
[0m[👉]    │ [1;31mboard-pinebook-pro-0[0m │ patching file                            │ [31m--- arch/arm/dts/rk3399-pinebook-pro-u-boot.dtsi[0m                                           │
[0m[👉]    │ [1;31m003-spi-flash-suppor[0m │ "arch/arm/dts/rk3399-pinebook-pro-u-boot │ [32m+++ arch/arm/dts/rk3399-pinebook-pro-u-boot.dtsi[0m                                           │
[0m[👉]    │ [1;31mt[0m                    │ .dtsi"                                   │ [36m@@ -12,7 +12,7 @@[0m                                                                          │
[0m[👉]    │                      │ Hunk #1 FAILED at 12.                    │     };                                                                                     │
[0m[👉]    │                      │ Hunk #2 succeeded at 38 ([1;33moffset [0m-3       │                                                                                            │
[0m[👉]    │                      │ lines).                                  │     chosen {                                                                               │
[0m[👉]    │                      │ 1 out of 2 [1;31mhunks FAILED[0m -- saving        │ [31m-   [0m[31m    [0m[31mu-boot,spl-boot-order = "same-as-spl", &sdhci, &spiflash, &sdmmc;[0m                  │
[0m[👉]    │                      │ rejects to file "/tmp/tmpgy9ckcz4"       │ [32m+   [0m[32m    [0m[32mu-boot,spl-boot-order = "same-as-spl", &spiflash, &sdhci, &sdmmc;[0m                  │
[0m[👉]    │                      │ patching file                            │     };                                                                                     │
[0m[👉]    │                      │ "configs/pinebook-pro-rk3399_defconfig"  │  };                                                                                        │
[0m[👉]    │                      │ Hunk #1 succeeded at 100 [1;33mwith fuzz[0m 2     │                                                                                            │
[0m[👉]    │                      │ ([1;33moffset [0m22 lines).                       │                                                                                            │
[0m[👉]    │                      │                                          │                                                                                            │
[0m[👉]    ├──────────────────────┼──────────────────────────────────────────┼────────────────────────────────────────────────────────────────────────────────────────────┤
[0m[👉]    │ [1;31mboard-pinebook-pro-0[0m │ can't find file to patch at input line 8 │ No rejects                                                                                 │
[0m[👉]    │ [1;31m005-panel-reset[0m      │ Perhaps you used the wrong -p or --strip │                                                                                            │
[0m[👉]    │                      │ option?                                  │                                                                                            │
[0m[👉]    │                      │ The text leading up to this was:         │                                                                                            │
[0m[👉]    │                      │ --------------------------               │                                                                                            │
[0m[👉]    │                      │ |                                        │                                                                                            │
[0m[👉]    │                      │ board/pine64/pinebook-pro-rk3399/pineboo │                                                                                            │
[0m[👉]    │                      │ k-pro-rk3399.c | 10 +++++++++-           │                                                                                            │
[0m[👉]    │                      │ | 1 file changed, 9 insertions(+), 1     │                                                                                            │
[0m[👉]    │                      │ deletion(-)                              │                                                                                            │
[0m[👉]    │                      │ |                                        │                                                                                            │
[0m[👉]    │                      │ |diff --git                              │                                                                                            │
[0m[👉]    │                      │ a/board/pine64/pinebook-pro-rk3399/pineb │                                                                                            │
[0m[👉]    │                      │ ook-pro-rk3399.c                         │                                                                                            │
[0m[👉]    │                      │ b/board/pine64/pinebook-pro-rk3399/pineb │                                                                                            │
[0m[👉]    │                      │ ook-pro-rk3399.c                         │                                                                                            │
[0m[👉]    │                      │ |index 516292aaa59..ff9c916bcb7 100644   │                                                                                            │
[0m[👉]    │                      │ |---                                     │                                                                                            │
[0m[👉]    │                      │ a/board/pine64/pinebook-pro-rk3399/pineb │                                                                                            │
[0m[👉]    │                      │ ook-pro-rk3399.c                         │                                                                                            │
[0m[👉]    │                      │ |+++                                     │                                                                                            │
[0m[👉]    │                      │ b/board/pine64/pinebook-pro-rk3399/pineb │                                                                                            │
[0m[👉]    │                      │ ook-pro-rk3399.c                         │                                                                                            │
[0m[👉]    │                      │ --------------------------               │                                                                                            │
[0m[👉]    │                      │ No file to patch.  Skipping patch.       │                                                                                            │
[0m[👉]    │                      │ 3 out of 3[1;33m hunks ignored[0m                 │                                                                                            │
[0m[👉]    │                      │                                          │                                                                                            │
[0m[👉]    ├──────────────────────┼──────────────────────────────────────────┼────────────────────────────────────────────────────────────────────────────────────────────┤
[0m[👉]    │ [1;31mboard-rock-pi-4-enab[0m │ patching file                            │ [31m--- arch/arm/dts/rk3399-rock-pi-4-u-boot.dtsi[0m                                              │
[0m[👉]    │ [1;31mle-spi-flash[0m         │ "arch/arm/dts/rk3399-rock-pi-4-u-boot.dt │ [32m+++ arch/arm/dts/rk3399-rock-pi-4-u-boot.dtsi[0m                                              │
[0m[👉]    │                      │ si"                                      │ [36m@@ -8,7 +7,27 @@[0m                                                                           │
[0m[👉]    │                      │ Hunk #1 FAILED at 8.                     │                                                                                            │
[0m[👉]    │                      │ 1 out of 1 [1;31mhunk FAILED[0m -- saving rejects │  / {                                                                                       │
[0m[👉]    │                      │ to file "/tmp/tmp572wr6ng"               │     chosen {                                                                               │
[0m[👉]    │                      │ patching file                            │ [31m-   [0m[31m    [0m[31mu-boot,spl-boot-order = "same-as-spl", &sdhci, &sdmmc;[0m                             │
[0m[👉]    │                      │ "configs/rock-pi-4-rk3399_defconfig"     │ [32m+   [0m[32m    [0m[32mu-boot,spl-boot-order = "same-as-spl", &spi_flash, &sdmmc, &sdhci;[0m                 │
[0m[👉]    │                      │ Hunk #1 FAILED at 2.                     │ [32m+   [0m[32m};[0m                                                                                     │
[0m[👉]    │                      │ Hunk #2 FAILED at 16.                    │ [32m+[0m                                                                                          │
[0m[👉]    │                      │ Hunk #3 FAILED at 26.                    │ [32m+   [0m[32mconfig {[0m                                                                               │
[0m[👉]    │                      │ Hunk #4 FAILED at 35.                    │ [32m+   [0m[32m    [0m[32mu-boot,spl-payload-offset = <0x60000>; /* @ 384KB */[0m                               │
[0m[👉]    │                      │ Hunk #5 FAILED at 50.                    │ [32m+   [0m[32m};[0m                                                                                     │
[0m[👉]    │                      │ 5 out of 5 [1;31mhunks FAILED[0m -- saving        │ [32m+};[0m                                                                                        │
[0m[👉]    │                      │ rejects to file "/tmp/tmp572wr6ng"       │ [32m+[0m                                                                                          │
[0m[👉]    │                      │ patching file                            │ [32m+&spi1 {[0m                                                                                   │
[0m[👉]    │                      │ "configs/rock-pi-4c-rk3399_defconfig"    │ [32m+   [0m[32mstatus = "okay";[0m                                                                       │
[0m[👉]    │                      │ Hunk #1 FAILED at 2.                     │ [32m+[0m                                                                                          │
[0m[👉]    │                      │ Hunk #2 FAILED at 16.                    │ [32m+   [0m[32mflash@0 {[0m                                                                              │
[0m[👉]    │                      │ Hunk #3 FAILED at 26.                    │ [32m+   [0m[32m    [0m[32mcompatible = "jedec,spi-nor";[0m                                                      │
[0m[👉]    │                      │ Hunk #4 FAILED at 35.                    │ [32m+   [0m[32m    [0m[32mreg = <0>;[0m                                                                         │
[0m[👉]    │                      │ Hunk #5 FAILED at 50.                    │ [32m+   [0m[32m    [0m[32mspi-max-frequency = <10000000>;[0m                                                    │
[0m[👉]    │                      │ 5 out of 5 [1;31mhunks FAILED[0m -- saving        │ [32m+   [0m[32m};[0m                                                                                     │
[0m[👉]    │                      │ rejects to file "/tmp/tmp572wr6ng"       │ [32m+};[0m                                                                                        │
[0m[👉]    │                      │                                          │ [32m+[0m                                                                                          │
[0m[👉]    │                      │                                          │ [32m+&spi1 {[0m                                                                                   │
[0m[👉]    │                      │                                          │ [32m+   [0m[32mspi_flash: flash@0 {[0m                                                                   │
[0m[👉]    │                      │                                          │ [32m+   [0m[32m    [0m[32mu-boot,dm-pre-reloc;[0m                                                               │
[0m[👉]    │                      │                                          │     };                                                                                     │
[0m[👉]    │                      │                                          │  };                                                                                        │
[0m[👉]    │                      │                                          │                                                                                            │
[0m[👉]    │                      │                                          │ [31m--- configs/rock-pi-4-rk3399_defconfig[0m                                                     │
[0m[👉]    │                      │                                          │ [32m+++ configs/rock-pi-4-rk3399_defconfig[0m                                                     │
[0m[👉]    │                      │                                          │ [36m@@ -2,12 +2,16 @@ CONFIG_ARM=y[0m                                                             │
[0m[👉]    │                      │                                          │  CONFIG_ARCH_ROCKCHIP=y                                                                    │
[0m[👉]    │                      │                                          │  CONFIG_SYS_TEXT_BASE=0x00200000                                                           │
[0m[👉]    │                      │                                          │  CONFIG_NR_DRAM_BANKS=1                                                                    │
[0m[👉]    │                      │                                          │ [32m+CONFIG_ENV_SIZE=0x6000[0m                                                                    │
[0m[👉]    │                      │                                          │  CONFIG_ENV_OFFSET=0x3F8000                                                                │
[0m[👉]    │                      │                                          │ [32m+CONFIG_ENV_SECT_SIZE=0x1000[0m                                                               │
[0m[👉]    │                      │                                          │  CONFIG_DEFAULT_DEVICE_TREE="rk3399-rock-pi-4b"                                            │
[0m[👉]    │                      │                                          │  CONFIG_ROCKCHIP_RK3399=y                                                                  │
[0m[👉]    │                      │                                          │  CONFIG_TARGET_EVB_RK3399=y                                                                │
[0m[👉]    │                      │                                          │  CONFIG_DEBUG_UART_BASE=0xFF1A0000                                                         │
[0m[👉]    │                      │                                          │  CONFIG_DEBUG_UART_CLOCK=24000000                                                          │
[0m[👉]    │                      │                                          │ [32m+CONFIG_SPL_SPI_FLASH_SUPPORT=y[0m                                                            │
[0m[👉]    │                      │                                          │ [32m+CONFIG_SPL_SPI=y[0m                                                                          │
[0m[👉]    │                      │                                          │  CONFIG_SYS_LOAD_ADDR=0x800800                                                             │
[0m[👉]    │                      │                                          │  CONFIG_DEBUG_UART=y                                                                       │
[0m[👉]    │                      │                                          │  CONFIG_HAS_CUSTOM_SYS_INIT_SP_ADDR=y                                                      │
[0m[👉]    │                      │                                          │ [36m@@ -16,6 +20,7 @@ CONFIG_DISPLAY_BOARDINFO_LATE=y[0m                                          │
[0m[👉]    │                      │                                          │  # CONFIG_SPL_RAW_IMAGE_SUPPORT is not set                                                 │
[0m[👉]    │                      │                                          │  CONFIG_SPL_STACK_R=y                                                                      │
[0m[👉]    │                      │                                          │  CONFIG_SPL_STACK_R_MALLOC_SIMPLE_LEN=0x10000                                              │
[0m[👉]    │                      │                                          │ [32m+CONFIG_SPL_SPI_LOAD=y[0m                                                                     │
[0m[👉]    │                      │                                          │  CONFIG_TPL=y                                                                              │
[0m[👉]    │                      │                                          │  CONFIG_CMD_BOOTZ=y                                                                        │
[0m[👉]    │                      │                                          │  CONFIG_CMD_GPT=y                                                                          │
[0m[👉]    │                      │                                          │ [36m@@ -26,8 +31,9 @@ CONFIG_CMD_USB=y[0m                                                         │
[0m[👉]    │                      │                                          │  CONFIG_CMD_TIME=y                                                                         │
[0m[👉]    │                      │                                          │  CONFIG_SPL_OF_CONTROL=y                                                                   │
[0m[👉]    │                      │                                          │  CONFIG_OF_SPL_REMOVE_PROPS="pinctrl-0 pinctrl-names clock-names interrupt-parent          │
[0m[👉]    │                      │                                          │ assigned-clocks assigned-clock-rates assigned-clock-parents"                               │
[0m[👉]    │                      │                                          │ [31m-CONFIG_ENV_IS_IN_MMC=y[0m                                                                    │
[0m[👉]    │                      │                                          │ [32m+CONFIG_ENV_IS_IN_SPI_FLASH=y[0m                                                              │
[0m[👉]    │                      │                                          │  CONFIG_SYS_RELOC_GD_ENV_ADDR=y                                                            │
[0m[👉]    │                      │                                          │ [32m+CONFIG_SPL_DM_SEQ_ALIAS=y[0m                                                                 │
[0m[👉]    │                      │                                          │  CONFIG_ROCKCHIP_GPIO=y                                                                    │
[0m[👉]    │                      │                                          │  CONFIG_SYS_I2C_ROCKCHIP=y                                                                 │
[0m[👉]    │                      │                                          │  CONFIG_MISC=y                                                                             │
[0m[👉]    │                      │                                          │ [36m@@ -35,6 +41,10 @@ CONFIG_MMC_DW=y[0m                                                         │
[0m[👉]    │                      │                                          │  CONFIG_MMC_DW_ROCKCHIP=y                                                                  │
[0m[👉]    │                      │                                          │  CONFIG_MMC_SDHCI=y                                                                        │
[0m[👉]    │                      │                                          │  CONFIG_MMC_SDHCI_ROCKCHIP=y                                                               │
[0m[👉]    │                      │                                          │ [32m+CONFIG_SF_DEFAULT_BUS=1[0m                                                                   │
[0m[👉]    │                      │                                          │ [32m+CONFIG_SPI_FLASH_GIGADEVICE=y[0m                                                             │
[0m[👉]    │                      │                                          │ [32m+CONFIG_SPI_FLASH_WINBOND=y[0m                                                                │
[0m[👉]    │                      │                                          │ [32m+CONFIG_SPI_FLASH_XTX=y[0m                                                                    │
[0m[👉]    │                      │                                          │  CONFIG_DM_ETH=y                                                                           │
[0m[👉]    │                      │                                          │  CONFIG_ETH_DESIGNWARE=y                                                                   │
[0m[👉]    │                      │                                          │  CONFIG_GMAC_ROCKCHIP=y                                                                    │
[0m[👉]    │                      │                                          │ [36m@@ -50,6 +60,7 @@ CONFIG_RAM_RK3399_LPDDR4=y[0m                                               │
[0m[👉]    │                      │                                          │  CONFIG_DM_RESET=y                                                                         │
[0m[👉]    │                      │                                          │  CONFIG_BAUDRATE=1500000                                                                   │
[0m[👉]    │                      │                                          │  CONFIG_DEBUG_UART_SHIFT=2                                                                 │
[0m[👉]    │                      │                                          │ [32m+CONFIG_ROCKCHIP_SPI=y[0m                                                                     │
[0m[👉]    │                      │                                          │  CONFIG_SYSRESET=y                                                                         │
[0m[👉]    │                      │                                          │  CONFIG_USB=y                                                                              │
[0m[👉]    │                      │                                          │  CONFIG_USB_XHCI_HCD=y                                                                     │
[0m[👉]    │                      │                                          │ [31m--- configs/rock-pi-4c-rk3399_defconfig[0m                                                    │
[0m[👉]    │                      │                                          │ [32m+++ configs/rock-pi-4c-rk3399_defconfig[0m                                                    │
[0m[👉]    │                      │                                          │ [36m@@ -2,12 +2,16 @@ CONFIG_ARM=y[0m                                                             │
[0m[👉]    │                      │                                          │  CONFIG_ARCH_ROCKCHIP=y                                                                    │
[0m[👉]    │                      │                                          │  CONFIG_SYS_TEXT_BASE=0x00200000                                                           │
[0m[👉]    │                      │                                          │  CONFIG_NR_DRAM_BANKS=1                                                                    │
[0m[👉]    │                      │                                          │ [32m+CONFIG_ENV_SIZE=0x6000[0m                                                                    │
[0m[👉]    │                      │                                          │  CONFIG_ENV_OFFSET=0x3F8000                                                                │
[0m[👉]    │                      │                                          │ [32m+CONFIG_ENV_SECT_SIZE=0x1000[0m                                                               │
[0m[👉]    │                      │                                          │  CONFIG_DEFAULT_DEVICE_TREE="rk3399-rock-pi-4c"                                            │
[0m[👉]    │                      │                                          │  CONFIG_ROCKCHIP_RK3399=y                                                                  │
[0m[👉]    │                      │                                          │  CONFIG_TARGET_EVB_RK3399=y                                                                │
[0m[👉]    │                      │                                          │  CONFIG_DEBUG_UART_BASE=0xFF1A0000                                                         │
[0m[👉]    │                      │                                          │  CONFIG_DEBUG_UART_CLOCK=24000000                                                          │
[0m[👉]    │                      │                                          │ [32m+CONFIG_SPL_SPI_FLASH_SUPPORT=y[0m                                                            │
[0m[👉]    │                      │                                          │ [32m+CONFIG_SPL_SPI=y[0m                                                                          │
[0m[👉]    │                      │                                          │  CONFIG_SYS_LOAD_ADDR=0x800800                                                             │
[0m[👉]    │                      │                                          │  CONFIG_DEBUG_UART=y                                                                       │
[0m[👉]    │                      │                                          │  CONFIG_HAS_CUSTOM_SYS_INIT_SP_ADDR=y                                                      │
[0m[👉]    │                      │                                          │ [36m@@ -16,6 +20,7 @@ CONFIG_DISPLAY_BOARDINFO_LATE=y[0m                                          │
[0m[👉]    │                      │                                          │  # CONFIG_SPL_RAW_IMAGE_SUPPORT is not set                                                 │
[0m[👉]    │                      │                                          │  CONFIG_SPL_STACK_R=y                                                                      │
[0m[👉]    │                      │                                          │  CONFIG_SPL_STACK_R_MALLOC_SIMPLE_LEN=0x10000                                              │
[0m[👉]    │                      │                                          │ [32m+CONFIG_SPL_SPI_LOAD=y[0m                                                                     │
[0m[👉]    │                      │                                          │  CONFIG_TPL=y                                                                              │
[0m[👉]    │                      │                                          │  CONFIG_CMD_BOOTZ=y                                                                        │
[0m[👉]    │                      │                                          │  CONFIG_CMD_GPT=y                                                                          │
[0m[👉]    │                      │                                          │ [36m@@ -26,8 +31,9 @@ CONFIG_CMD_USB=y[0m                                                         │
[0m[👉]    │                      │                                          │  CONFIG_CMD_TIME=y                                                                         │
[0m[👉]    │                      │                                          │  CONFIG_SPL_OF_CONTROL=y                                                                   │
[0m[👉]    │                      │                                          │  CONFIG_OF_SPL_REMOVE_PROPS="pinctrl-0 pinctrl-names clock-names interrupt-parent          │
[0m[👉]    │                      │                                          │ assigned-clocks assigned-clock-rates assigned-clock-parents"                               │
[0m[👉]    │                      │                                          │ [31m-CONFIG_ENV_IS_IN_MMC=y[0m                                                                    │
[0m[👉]    │                      │                                          │ [32m+CONFIG_ENV_IS_IN_SPI_FLASH=y[0m                                                              │
[0m[👉]    │                      │                                          │  CONFIG_SYS_RELOC_GD_ENV_ADDR=y                                                            │
[0m[👉]    │                      │                                          │ [32m+CONFIG_SPL_DM_SEQ_ALIAS=y[0m                                                                 │
[0m[👉]    │                      │                                          │  CONFIG_ROCKCHIP_GPIO=y                                                                    │
[0m[👉]    │                      │                                          │  CONFIG_SYS_I2C_ROCKCHIP=y                                                                 │
[0m[👉]    │                      │                                          │  CONFIG_MISC=y                                                                             │
[0m[👉]    │                      │                                          │ [36m@@ -35,6 +41,10 @@ CONFIG_MMC_DW=y[0m                                                         │
[0m[👉]    │                      │                                          │  CONFIG_MMC_DW_ROCKCHIP=y                                                                  │
[0m[👉]    │                      │                                          │  CONFIG_MMC_SDHCI=y                                                                        │
[0m[👉]    │                      │                                          │  CONFIG_MMC_SDHCI_ROCKCHIP=y                                                               │
[0m[👉]    │                      │                                          │ [32m+CONFIG_SF_DEFAULT_BUS=1[0m                                                                   │
[0m[👉]    │                      │                                          │ [32m+CONFIG_SPI_FLASH_GIGADEVICE=y[0m                                                             │
[0m[👉]    │                      │                                          │ [32m+CONFIG_SPI_FLASH_WINBOND=y[0m                                                                │
[0m[👉]    │                      │                                          │ [32m+CONFIG_SPI_FLASH_XTX=y[0m                                                                    │
[0m[👉]    │                      │                                          │  CONFIG_DM_ETH=y                                                                           │
[0m[👉]    │                      │                                          │  CONFIG_ETH_DESIGNWARE=y                                                                   │
[0m[👉]    │                      │                                          │  CONFIG_GMAC_ROCKCHIP=y                                                                    │
[0m[👉]    │                      │                                          │ [36m@@ -50,6 +60,7 @@ CONFIG_RAM_RK3399_LPDDR4=y[0m                                               │
[0m[👉]    │                      │                                          │  CONFIG_DM_RESET=y                                                                         │
[0m[👉]    │                      │                                          │  CONFIG_BAUDRATE=1500000                                                                   │
[0m[👉]    │                      │                                          │  CONFIG_DEBUG_UART_SHIFT=2                                                                 │
[0m[👉]    │                      │                                          │ [32m+CONFIG_ROCKCHIP_SPI=y[0m                                                                     │
[0m[👉]    │                      │                                          │  CONFIG_SYSRESET=y                                                                         │
[0m[👉]    │                      │                                          │  CONFIG_USB=y                                                                              │
[0m[👉]    │                      │                                          │  CONFIG_USB_XHCI_HCD=y                                                                     │
[0m[👉]    │                      │                                          │                                                                                            │
[0m[👉]    ├──────────────────────┼──────────────────────────────────────────┼────────────────────────────────────────────────────────────────────────────────────────────┤
[0m[👉]    │ [1;31mboard-rockpro64-disa[0m │ patching file                            │ [31m--- configs/rockpro64-rk3399_defconfig[0m                                                     │
[0m[👉]    │ [1;31mble-preboot[0m          │ "configs/rockpro64-rk3399_defconfig"     │ [32m+++ configs/rockpro64-rk3399_defconfig[0m                                                     │
[0m[👉]    │                      │ [1;32mReversed (or previously applied) patch [0m  │ [36m@@ -14,7 +14,6 @@ CONFIG_SPL_SPI_FLASH_SUPPORT=y[0m                                           │
[0m[👉]    │                      │ [1;32mdetected![0m  Skipping patch.               │  CONFIG_SPL_SPI=y                                                                          │
[0m[👉]    │                      │ 1 out of 1[1;33m hunk ignored[0m -- saving        │  CONFIG_SYS_LOAD_ADDR=0x800800                                                             │
[0m[👉]    │                      │ rejects to file "/tmp/tmpx_xj2idp"       │  CONFIG_DEBUG_UART=y                                                                       │
[0m[👉]    │                      │                                          │ [31m-CONFIG_USE_PREBOOT=y[0m                                                                      │
[0m[👉]    │                      │                                          │  CONFIG_DEFAULT_FDT_FILE="rockchip/rk3399-rockpro64.dtb"                                   │
[0m[👉]    │                      │                                          │  CONFIG_DISPLAY_BOARDINFO_LATE=y                                                           │
[0m[👉]    │                      │                                          │  CONFIG_MISC_INIT_R=y                                                                      │
[0m[👉]    │                      │                                          │                                                                                            │
[0m[👉]    ├──────────────────────┼──────────────────────────────────────────┼────────────────────────────────────────────────────────────────────────────────────────────┤
[0m[👉]    │ [1;31mgeneral-add-xtx-spi-[0m │ patching file "drivers/mtd/spi/Kconfig"  │ [31m--- drivers/mtd/spi/spi-nor-ids.c[0m                                                          │
[0m[👉]    │ [1;31mnor-chips[0m            │ Hunk #1 succeeded at 246 [1;33mwith fuzz[0m 2     │ [32m+++ drivers/mtd/spi/spi-nor-ids.c[0m                                                          │
[0m[👉]    │                      │ ([1;33moffset [0m94 lines).                       │ [36m@@ -319,6 +319,11 @@ const struct flash_info spi_nor_ids[] = {[0m                             │
[0m[👉]    │                      │ patching file                            │     /* XMC (Wuhan Xinxin Semiconductor Manufacturing Corp.) */                             │
[0m[👉]    │                      │ "drivers/mtd/spi/spi-nor-ids.c"          │     { INFO("XM25QH64A", 0x207017, 0, 64 * 1024, 128, SECT_4K | SPI_NOR_DUAL_READ |         │
[0m[👉]    │                      │ Hunk #1 FAILED at 319.                   │ SPI_NOR_QUAD_READ) },                                                                      │
[0m[👉]    │                      │ 1 out of 1 [1;31mhunk FAILED[0m -- saving rejects │     { INFO("XM25QH128A", 0x207018, 0, 64 * 1024, 256, SECT_4K | SPI_NOR_DUAL_READ |        │
[0m[👉]    │                      │ to file "/tmp/tmp31z_9fde"               │ SPI_NOR_QUAD_READ) },                                                                      │
[0m[👉]    │                      │                                          │ [32m+#endif[0m                                                                                    │
[0m[👉]    │                      │                                          │ [32m+#ifdef CONFIG_SPI_FLASH_XTX[0m                                                               │
[0m[👉]    │                      │                                          │ [32m+   [0m[32m/* XTX (Shenzhen Xin Tian Xia Tech) */[0m                                                 │
[0m[👉]    │                      │                                          │ [32m+   [0m[32m{ INFO("XT25F32B", 0x0b4016, 0, 64 * 1024, 64, SECT_4K | SPI_NOR_DUAL_READ | [0m          │
[0m[👉]    │                      │                                          │ [32mSPI_NOR_QUAD_READ) },[0m                                                                      │
[0m[👉]    │                      │                                          │ [32m+   [0m[32m{ INFO("XT25F128B", 0x0b4018, 0, 64 * 1024, 256, SECT_4K | SPI_NOR_DUAL_READ | [0m        │
[0m[👉]    │                      │                                          │ [32mSPI_NOR_QUAD_READ) },[0m                                                                      │
[0m[👉]    │                      │                                          │  #endif                                                                                    │
[0m[👉]    │                      │                                          │     { },                                                                                   │
[0m[👉]    │                      │                                          │  };                                                                                        │
[0m[👉]    │                      │                                          │                                                                                            │
[0m[👉]    ├──────────────────────┼──────────────────────────────────────────┼────────────────────────────────────────────────────────────────────────────────────────────┤
[0m[👉]    │ [1;31mgeneral-fix-compress[0m │ patching file "fs/btrfs/inode.c"         │ [31m--- fs/btrfs/inode.c[0m                                                                       │
[0m[👉]    │ [1;31med-btrfs[0m             │ [1;32mReversed (or previously applied) patch [0m  │ [32m+++ fs/btrfs/inode.c[0m                                                                       │
[0m[👉]    │                      │ [1;32mdetected![0m  Skipping patch.               │ [36m@@ -511,7 +511,9 @@ int btrfs_read_extent_reg(struct btrfs_path *path,[0m                     │
[0m[👉]    │                      │ 1 out of 1[1;33m hunk ignored[0m -- saving        │     if (ret < dsize)                                                                       │
[0m[👉]    │                      │ rejects to file "/tmp/tmpd1fuflco"       │         memset(dbuf + ret, 0, dsize - ret);                                                │
[0m[👉]    │                      │                                          │     /* Then copy the needed part */                                                        │
[0m[👉]    │                      │                                          │ [31m-   [0m[31mmemcpy(dest, dbuf + btrfs_file_extent_offset(leaf, fi), len);[0m                          │
[0m[👉]    │                      │                                          │ [32m+   [0m[32mmemcpy(dest,[0m                                                                           │
[0m[👉]    │                      │                                          │ [32m+   [0m[32m       dbuf + btrfs_file_extent_offset(leaf, fi) + offset - key.offset,[0m                │
[0m[👉]    │                      │                                          │ [32m+   [0m[32m       len);[0m                                                                           │
[0m[👉]    │                      │                                          │     ret = len;                                                                             │
[0m[👉]    │                      │                                          │  out:                                                                                      │
[0m[👉]    │                      │                                          │     free(cbuf);                                                                            │
[0m[👉]    │                      │                                          │                                                                                            │
[0m[👉]    ├──────────────────────┼──────────────────────────────────────────┼────────────────────────────────────────────────────────────────────────────────────────────┤
[0m[👉]    │ [1;31mgeneral-fix-use-sema[0m │ patching file                            │ [31m--- scripts/dtc/pylibfdt/setup.py[0m                                                          │
[0m[👉]    │ [1;31mntic-versioning[0m      │ "scripts/dtc/pylibfdt/setup.py"          │ [32m+++ scripts/dtc/pylibfdt/setup.py[0m                                                          │
[0m[👉]    │                      │ Hunk #1 FAILED at 114.                   │ [36m@@ -114,7 +114,7 @@ libfdt_module = Extension([0m                                             │
[0m[👉]    │                      │ 1 out of 1 [1;31mhunk FAILED[0m -- saving rejects │                                                                                            │
[0m[👉]    │                      │ to file "/tmp/tmplxkrglew"               │  setup(                                                                                    │
[0m[👉]    │                      │                                          │      name='libfdt',                                                                        │
[0m[👉]    │                      │                                          │ [31m-    version= version,[0m                                                                     │
[0m[👉]    │                      │                                          │ [32m+    version='2022.07',[0m                                                                    │
[0m[👉]    │                      │                                          │      author='Simon Glass <sjg@chromium.org>',                                              │
[0m[👉]    │                      │                                          │      description='Python binding for libfdt',                                              │
[0m[👉]    │                      │                                          │      ext_modules=[libfdt_module],                                                          │
[0m[👉]    │                      │                                          │                                                                                            │
[0m[👉]    ├──────────────────────┼──────────────────────────────────────────┼────────────────────────────────────────────────────────────────────────────────────────────┤
[0m[👉]    │ [1;31mgeneral-fix-zstd-max[0m │ patching file "lib/zstd/zstd.c"          │ [31m--- lib/zstd/zstd.c[0m                                                                        │
[0m[👉]    │ [1;31m-window-size[0m         │ Hunk #1 FAILED at 8.                     │ [32m+++ lib/zstd/zstd.c[0m                                                                        │
[0m[👉]    │                      │ 1 out of 1 [1;31mhunk FAILED[0m -- saving rejects │ [36m@@ -8,29 +8,34 @@[0m                                                                          │
[0m[👉]    │                      │ to file "/tmp/tmpvrztnnbr"               │  #include <common.h>                                                                       │
[0m[👉]    │                      │                                          │  #include <abuf.h>                                                                         │
[0m[👉]    │                      │                                          │  #include <log.h>                                                                          │
[0m[👉]    │                      │                                          │  #include <malloc.h>                                                                       │
[0m[👉]    │                      │                                          │  #include <linux/zstd.h>                                                                   │
[0m[👉]    │                      │                                          │ [32m+#include "zstd_internal.h" // MAX[0m                                                         │
[0m[👉]    │                      │                                          │                                                                                            │
[0m[👉]    │                      │                                          │  int zstd_decompress(struct abuf *in, struct abuf *out)                                    │
[0m[👉]    │                      │                                          │  {                                                                                         │
[0m[👉]    │                      │                                          │     ZSTD_DStream *dstream;                                                                 │
[0m[👉]    │                      │                                          │     ZSTD_inBuffer in_buf;                                                                  │
[0m[👉]    │                      │                                          │     ZSTD_outBuffer out_buf;                                                                │
[0m[👉]    │                      │                                          │     void *workspace;                                                                       │
[0m[👉]    │                      │                                          │     size_t wsize;                                                                          │
[0m[👉]    │                      │                                          │     int ret;                                                                               │
[0m[👉]    │                      │                                          │ [32m+   [0m[32msize_t maxWindowSize;[0m                                                                  │
[0m[👉]    │                      │                                          │                                                                                            │
[0m[👉]    │                      │                                          │ [31m-   [0m[31mwsize = ZSTD_DStreamWorkspaceBound(abuf_size(in));[0m                                     │
[0m[👉]    │                      │                                          │ [32m+   [0m[32m// compressed data size seems to be totally irrelevant as measure [0m                     │
[0m[👉]    │                      │                                          │ [32m+   [0m[32m// of maxWindowSize, but leave it here for safety [0m                                     │
[0m[👉]    │                      │                                          │ [32m+   [0m[32mmaxWindowSize = MAX(abuf_size(in), 128*1024);[0m                                          │
[0m[👉]    │                      │                                          │ [32m+   [0m[32mwsize = ZSTD_DStreamWorkspaceBound(maxWindowSize);[0m                                     │
[0m[👉]    │                      │                                          │     workspace = malloc(wsize);                                                             │
[0m[👉]    │                      │                                          │     if (!workspace) {                                                                      │
[0m[👉]    │                      │                                          │         debug("%s: cannot allocate workspace of size %zu\n", __func__,                     │
[0m[👉]    │                      │                                          │             wsize);                                                                        │
[0m[👉]    │                      │                                          │         return -ENOMEM;                                                                    │
[0m[👉]    │                      │                                          │     }                                                                                      │
[0m[👉]    │                      │                                          │                                                                                            │
[0m[👉]    │                      │                                          │ [31m-   [0m[31mdstream = ZSTD_initDStream(abuf_size(in), workspace, wsize);[0m                           │
[0m[👉]    │                      │                                          │ [32m+   [0m[32mdstream = ZSTD_initDStream(maxWindowSize, workspace, wsize);[0m                           │
[0m[👉]    │                      │                                          │     if (!dstream) {                                                                        │
[0m[👉]    │                      │                                          │         log_err("%s: ZSTD_initDStream failed\n", __func__);                                │
[0m[👉]    │                      │                                          │         ret = -EPERM;                                                                      │
[0m[👉]    │                      │                                          │         goto do_free;                                                                      │
[0m[👉]    │                      │                                          │     }                                                                                      │
[0m[👉]    │                      │                                          │                                                                                            │
[0m[👉]    ├──────────────────────┼──────────────────────────────────────────┼────────────────────────────────────────────────────────────────────────────────────────────┤
[0m[👉]    │ [1;31mgeneral-set-eth1addr[0m │ can't find file to patch at input line 5 │ No rejects                                                                                 │
[0m[👉]    │                      │ Perhaps you used the wrong -p or --strip │                                                                                            │
[0m[👉]    │                      │ option?                                  │                                                                                            │
[0m[👉]    │                      │ The text leading up to this was:         │                                                                                            │
[0m[👉]    │                      │ --------------------------               │                                                                                            │
[0m[👉]    │                      │ |diff --git                              │                                                                                            │
[0m[👉]    │                      │ a/arch/arm/mach-rockchip/misc.c          │                                                                                            │
[0m[👉]    │                      │ b/arch/arm/mach-rockchip/misc.c          │                                                                                            │
[0m[👉]    │                      │ |index 6dbb9bde..89f3a918 100644         │                                                                                            │
[0m[👉]    │                      │ |--- a/arch/arm/mach-rockchip/misc.c     │                                                                                            │
[0m[👉]    │                      │ |+++ b/arch/arm/mach-rockchip/misc.c     │                                                                                            │
[0m[👉]    │                      │ --------------------------               │                                                                                            │
[0m[👉]    │                      │ No file to patch.  Skipping patch.       │                                                                                            │
[0m[👉]    │                      │ 1 out of 1[1;33m hunk ignored[0m                  │                                                                                            │
[0m[👉]    │                      │                                          │                                                                                            │
[0m[👉]    ├──────────────────────┼──────────────────────────────────────────┼────────────────────────────────────────────────────────────────────────────────────────────┤
[0m[👉]    │ [1;31mgeneral-support-rmii[0m │ can't find file to patch at input line 5 │ [31m--- drivers/net/gmac_rockchip.c[0m                                                            │
[0m[👉]    │ [1;31m-integrated-phy[0m      │ Perhaps you used the wrong -p or --strip │ [32m+++ drivers/net/gmac_rockchip.c[0m                                                            │
[0m[👉]    │                      │ option?                                  │ [36m@@ -42,21 +44,29 @@ DECLARE_GLOBAL_DATA_PTR;[0m                                               │
[0m[👉]    │                      │ The text leading up to this was:         │  struct gmac_rockchip_plat {                                                               │
[0m[👉]    │                      │ --------------------------               │     struct dw_eth_pdata dw_eth_pdata;                                                      │
[0m[👉]    │                      │ |diff --git                              │     bool clock_input;                                                                      │
[0m[👉]    │                      │ a/arch/arm/dts/rk3229-evb.dts            │ [32m+   [0m[32mbool integrated_phy;[0m                                                                   │
[0m[👉]    │                      │ b/arch/arm/dts/rk3229-evb.dts            │ [32m+   [0m[32mstruct reset_ctl phy_reset;[0m                                                            │
[0m[👉]    │                      │ |index 632cdc9bc3..f868524ae1 100644     │     int tx_delay;                                                                          │
[0m[👉]    │                      │ |--- a/arch/arm/dts/rk3229-evb.dts       │     int rx_delay;                                                                          │
[0m[👉]    │                      │ |+++ b/arch/arm/dts/rk3229-evb.dts       │  };                                                                                        │
[0m[👉]    │                      │ --------------------------               │                                                                                            │
[0m[👉]    │                      │ No file to patch.  Skipping patch.       │  struct rk_gmac_ops {                                                                      │
[0m[👉]    │                      │ 1 out of 1[1;33m hunk ignored[0m                  │ [31m-   [0m[31mint (*fix_mac_speed)(struct dw_eth_dev *priv);[0m                                         │
[0m[👉]    │                      │ can't find file to patch at input line   │ [32m+   [0m[32mint (*fix_rmii_speed)(struct gmac_rockchip_plat *pdata,[0m                                │
[0m[👉]    │                      │ 48                                       │ [32m+   [0m[32m    [0m[32m    [0m[32m      struct dw_eth_dev *priv);[0m                                                │
[0m[👉]    │                      │ Perhaps you used the wrong -p or --strip │ [32m+   [0m[32mint (*fix_rgmii_speed)(struct gmac_rockchip_plat *pdata,[0m                               │
[0m[👉]    │                      │ option?                                  │ [32m+   [0m[32m    [0m[32m    [0m[32m       struct dw_eth_dev *priv);[0m                                               │
[0m[👉]    │                      │ The text leading up to this was:         │     void (*set_to_rmii)(struct gmac_rockchip_plat *pdata);                                 │
[0m[👉]    │                      │ --------------------------               │     void (*set_to_rgmii)(struct gmac_rockchip_plat *pdata);                                │
[0m[👉]    │                      │ |diff --git a/arch/arm/dts/rk322x.dtsi   │ [32m+   [0m[32mvoid (*integrated_phy_powerup)(struct gmac_rockchip_plat *pdata);[0m                      │
[0m[👉]    │                      │ b/arch/arm/dts/rk322x.dtsi               │  };                                                                                        │
[0m[👉]    │                      │ |index 4a8be5dabb..3c2861f271 100644     │                                                                                            │
[0m[👉]    │                      │ |--- a/arch/arm/dts/rk322x.dtsi          │                                                                                            │
[0m[👉]    │                      │ |+++ b/arch/arm/dts/rk322x.dtsi          │  static int gmac_rockchip_of_to_plat(struct udevice *dev)                                  │
[0m[👉]    │                      │ --------------------------               │  {                                                                                         │
[0m[👉]    │                      │ No file to patch.  Skipping patch.       │     struct gmac_rockchip_plat *pdata = dev_get_plat(dev);                                  │
[0m[👉]    │                      │ 1 out of 1[1;33m hunk ignored[0m                  │ [32m+   [0m[32mstruct ofnode_phandle_args args;[0m                                                       │
[0m[👉]    │                      │ patching file                            │     const char *string;                                                                    │
[0m[👉]    │                      │ "arch/arm/include/asm/arch-rockchip/cru_ │ [32m+   [0m[32mint ret;[0m                                                                               │
[0m[👉]    │                      │ rk322x.h"                                │                                                                                            │
[0m[👉]    │                      │ Hunk #1 succeeded at 10 ([1;33moffset [0m-2       │     string = dev_read_string(dev, "clock_in_out");                                         │
[0m[👉]    │                      │ lines).                                  │     if (!strcmp(string, "input"))                                                          │
[0m[👉]    │                      │ patching file                            │ [36m@@ -969,42 +1255,48 @@ const struct eth_ops gmac_rockchip_eth_ops = {[0m                      │
[0m[👉]    │                      │ "configs/evb-rk3229_defconfig"           │  };                                                                                        │
[0m[👉]    │                      │ patching file                            │                                                                                            │
[0m[👉]    │                      │ "configs/evb-rk3328_defconfig"           │  const struct rk_gmac_ops px30_gmac_ops = {                                                │
[0m[👉]    │                      │ Hunk #1 succeeded at 71 [1;33mwith fuzz[0m 1.     │ [31m-   [0m[31m.fix_mac_speed = px30_gmac_fix_mac_speed,[0m                                              │
[0m[👉]    │                      │ patching file                            │ [32m+   [0m[32m.fix_rmii_speed = px30_gmac_fix_rmii_speed,[0m                                            │
[0m[👉]    │                      │ "doc/device-tree-bindings/net/phy.txt"   │     .set_to_rmii = px30_gmac_set_to_rmii,                                                  │
[0m[👉]    │                      │ patching file                            │  };                                                                                        │
[0m[👉]    │                      │ "drivers/clk/rockchip/clk_rk322x.c"      │                                                                                            │
[0m[👉]    │                      │ Hunk #1 succeeded at 41 ([1;33moffset [0m3        │  const struct rk_gmac_ops rk3228_gmac_ops = {                                              │
[0m[👉]    │                      │ lines).                                  │ [31m-   [0m[31m.fix_mac_speed = rk3228_gmac_fix_mac_speed,[0m                                            │
[0m[👉]    │                      │ Hunk #2 succeeded at 91 ([1;33moffset [0m3        │ [32m+   [0m[32m.fix_rmii_speed = rk3228_gmac_fix_rmii_speed,[0m                                          │
[0m[👉]    │                      │ lines).                                  │ [32m+   [0m[32m.fix_rgmii_speed = rk3228_gmac_fix_rgmii_speed,[0m                                        │
[0m[👉]    │                      │ Hunk #3 succeeded at 170 ([1;33moffset [0m3       │ [32m+   [0m[32m.set_to_rmii = rk3228_gmac_set_to_rmii,[0m                                                │
[0m[👉]    │                      │ lines).                                  │     .set_to_rgmii = rk3228_gmac_set_to_rgmii,                                              │
[0m[👉]    │                      │ Hunk #4 succeeded at 261 ([1;33moffset [0m3       │ [32m+   [0m[32m.integrated_phy_powerup = rk3228_gmac_integrated_phy_powerup,[0m                          │
[0m[👉]    │                      │ lines).                                  │  };                                                                                        │
[0m[👉]    │                      │ Hunk #5 succeeded at 393 ([1;33moffset [0m3       │                                                                                            │
[0m[👉]    │                      │ lines).                                  │  const struct rk_gmac_ops rk3288_gmac_ops = {                                              │
[0m[👉]    │                      │ patching file                            │ [31m-   [0m[31m.fix_mac_speed = rk3288_gmac_fix_mac_speed,[0m                                            │
[0m[👉]    │                      │ "drivers/clk/rockchip/clk_rk3328.c"      │ [32m+   [0m[32m.fix_rgmii_speed = rk3288_gmac_fix_rgmii_speed,[0m                                        │
[0m[👉]    │                      │ Hunk #1 succeeded at 95 ([1;33moffset [0m2        │     .set_to_rgmii = rk3288_gmac_set_to_rgmii,                                              │
[0m[👉]    │                      │ lines).                                  │  };                                                                                        │
[0m[👉]    │                      │ Hunk #2 succeeded at 453 ([1;33moffset [0m5       │                                                                                            │
[0m[👉]    │                      │ lines).                                  │  const struct rk_gmac_ops rk3308_gmac_ops = {                                              │
[0m[👉]    │                      │ Hunk #3 succeeded at 778 ([1;33moffset [0m129     │ [31m-   [0m[31m.fix_mac_speed = rk3308_gmac_fix_mac_speed,[0m                                            │
[0m[👉]    │                      │ lines).                                  │ [32m+   [0m[32m.fix_rmii_speed = rk3308_gmac_fix_rmii_speed,[0m                                          │
[0m[👉]    │                      │ Hunk #4 succeeded at 913 ([1;33moffset [0m138     │     .set_to_rmii = rk3308_gmac_set_to_rmii,                                                │
[0m[👉]    │                      │ lines).                                  │  };                                                                                        │
[0m[👉]    │                      │ Hunk #5 succeeded at 957 [1;33mwith fuzz[0m 2     │                                                                                            │
[0m[👉]    │                      │ ([1;33moffset [0m138 lines).                      │  const struct rk_gmac_ops rk3328_gmac_ops = {                                              │
[0m[👉]    │                      │ patching file                            │ [31m-   [0m[31m.fix_mac_speed = rk3328_gmac_fix_mac_speed,[0m                                            │
[0m[👉]    │                      │ "drivers/net/gmac_rockchip.c"            │ [32m+   [0m[32m.fix_rmii_speed = rk3328_gmac_fix_rmii_speed,[0m                                          │
[0m[👉]    │                      │ Hunk #1 succeeded at 10 [1;33mwith fuzz[0m 2      │ [32m+   [0m[32m.fix_rgmii_speed = rk3328_gmac_fix_rgmii_speed,[0m                                        │
[0m[👉]    │                      │ ([1;33moffset [0m1 line).                         │ [32m+   [0m[32m.set_to_rmii = rk3328_gmac_set_to_rmii,[0m                                                │
[0m[👉]    │                      │ Hunk #2 succeeded at 24 [1;33mwith fuzz[0m 2.     │     .set_to_rgmii = rk3328_gmac_set_to_rgmii,                                              │
[0m[👉]    │                      │ Hunk #3 FAILED at 42.                    │ [32m+   [0m[32m.integrated_phy_powerup = rk3328_gmac_integrated_phy_powerup,[0m                          │
[0m[👉]    │                      │ Hunk #4 succeeded at 63 ([1;33moffset [0m-1       │  };                                                                                        │
[0m[👉]    │                      │ lines).                                  │                                                                                            │
[0m[👉]    │                      │ Hunk #5 succeeded at 95 ([1;33moffset [0m-1       │  const struct rk_gmac_ops rk3368_gmac_ops = {                                              │
[0m[👉]    │                      │ lines).                                  │ [31m-   [0m[31m.fix_mac_speed = rk3368_gmac_fix_mac_speed,[0m                                            │
[0m[👉]    │                      │ Hunk #6 succeeded at 137 ([1;33moffset [0m-1      │ [32m+   [0m[32m.fix_rgmii_speed = rk3368_gmac_fix_rgmii_speed,[0m                                        │
[0m[👉]    │                      │ lines).                                  │     .set_to_rgmii = rk3368_gmac_set_to_rgmii,                                              │
[0m[👉]    │                      │ Hunk #7 succeeded at 206 [1;33mwith fuzz[0m 2     │  };                                                                                        │
[0m[👉]    │                      │ ([1;33moffset [0m-1 lines).                       │                                                                                            │
[0m[👉]    │                      │ Hunk #8 succeeded at 258 ([1;33moffset [0m24      │  const struct rk_gmac_ops rk3399_gmac_ops = {                                              │
[0m[👉]    │                      │ lines).                                  │ [31m-   [0m[31m.fix_mac_speed = rk3399_gmac_fix_mac_speed,[0m                                            │
[0m[👉]    │                      │ Hunk #9 succeeded at 300 ([1;33moffset [0m24      │ [32m+   [0m[32m.fix_rgmii_speed = rk3399_gmac_fix_rgmii_speed,[0m                                        │
[0m[👉]    │                      │ lines).                                  │     .set_to_rgmii = rk3399_gmac_set_to_rgmii,                                              │
[0m[👉]    │                      │ Hunk #10 succeeded at 369 ([1;33moffset [0m24     │  };                                                                                        │
[0m[👉]    │                      │ lines).                                  │                                                                                            │
[0m[👉]    │                      │ Hunk #11 succeeded at 402 ([1;33moffset [0m24     │  const struct rk_gmac_ops rv1108_gmac_ops = {                                              │
[0m[👉]    │                      │ lines).                                  │ [31m-   [0m[31m.fix_mac_speed = rv1108_set_rmii_speed,[0m                                                │
[0m[👉]    │                      │ Hunk #12 succeeded at 429 ([1;33moffset [0m24     │ [32m+   [0m[32m.fix_rmii_speed = rv1108_gmac_fix_rmii_speed,[0m                                          │
[0m[👉]    │                      │ lines).                                  │     .set_to_rmii = rv1108_gmac_set_to_rmii,                                                │
[0m[👉]    │                      │ Hunk #13 succeeded at 481 ([1;33moffset [0m24     │  };                                                                                        │
[0m[👉]    │                      │ lines).                                  │                                                                                            │
[0m[👉]    │                      │ Hunk #14 succeeded at 592 ([1;33moffset [0m35     │                                                                                            │
[0m[👉]    │                      │ lines).                                  │                                                                                            │
[0m[👉]    │                      │ Hunk #15 succeeded at 726 ([1;33moffset [0m35     │                                                                                            │
[0m[👉]    │                      │ lines).                                  │                                                                                            │
[0m[👉]    │                      │ Hunk #16 succeeded at 865 ([1;33moffset [0m35     │                                                                                            │
[0m[👉]    │                      │ lines).                                  │                                                                                            │
[0m[👉]    │                      │ Hunk #17 succeeded at 951 ([1;33moffset [0m35     │                                                                                            │
[0m[👉]    │                      │ lines).                                  │                                                                                            │
[0m[👉]    │                      │ Hunk #18 succeeded at 960 ([1;33moffset [0m35     │                                                                                            │
[0m[👉]    │                      │ lines).                                  │                                                                                            │
[0m[👉]    │                      │ Hunk #19 FAILED at 969.                  │                                                                                            │
[0m[👉]    │                      │ 2 out of 19 [1;31mhunks FAILED[0m -- saving       │                                                                                            │
[0m[👉]    │                      │ rejects to file "/tmp/tmpzgj39tdv"       │                                                                                            │
[0m[👉]    │                      │ patching file                            │                                                                                            │
[0m[👉]    │                      │ "drivers/net/gmac_rockchip.c"            │                                                                                            │
[0m[👉]    │                      │ Hunk #1 succeeded at 915 ([1;33moffset [0m24      │                                                                                            │
[0m[👉]    │                      │ lines).                                  │                                                                                            │
[0m[👉]    │                      │                                          │                                                                                            │
[0m[👉]    ├──────────────────────┼──────────────────────────────────────────┼────────────────────────────────────────────────────────────────────────────────────────────┤
[0m[👉]    │ [1;31mnanopi-r2s-rk3328_de[0m │ patching file                            │ [31m--- configs/nanopi-r2s-rk3328_defconfig[0m                                                    │
[0m[👉]    │ [1;31mfconfig-0001-enable-[0m │ "configs/nanopi-r2s-rk3328_defconfig"    │ [32m+++ configs/nanopi-r2s-rk3328_defconfig[0m                                                    │
[0m[👉]    │ [1;31msetexpr-fmt-regex[0m    │ Hunk #1 FAILED at 35.                    │ [36m@@ -35,11 +35,12 @@ CONFIG_SPL_ATF=y[0m                                                       │
[0m[👉]    │                      │ Hunk #2 FAILED at 96.                    │  CONFIG_SPL_ATF_NO_PLATFORM_PARAM=y                                                        │
[0m[👉]    │                      │ 2 out of 2 [1;31mhunks FAILED[0m -- saving        │  CONFIG_CMD_BOOTZ=y                                                                        │
[0m[👉]    │                      │ rejects to file "/tmp/tmpctavf6xd"       │  CONFIG_CMD_GPT=y                                                                          │
[0m[👉]    │                      │                                          │  CONFIG_CMD_MMC=y                                                                          │
[0m[👉]    │                      │                                          │  CONFIG_CMD_USB=y                                                                          │
[0m[👉]    │                      │                                          │ [31m-# CONFIG_CMD_SETEXPR is not set[0m                                                           │
[0m[👉]    │                      │                                          │ [32m+CONFIG_CMD_SETEXPR=y[0m                                                                      │
[0m[👉]    │                      │                                          │ [32m+CONFIG_CMD_SETEXPR_FMT=y[0m                                                                  │
[0m[👉]    │                      │                                          │  CONFIG_CMD_TIME=y                                                                         │
[0m[👉]    │                      │                                          │  CONFIG_SPL_OF_CONTROL=y                                                                   │
[0m[👉]    │                      │                                          │  CONFIG_TPL_OF_CONTROL=y                                                                   │
[0m[👉]    │                      │                                          │  CONFIG_OF_SPL_REMOVE_PROPS="clock-names interrupt-parent assigned-clocks                  │
[0m[👉]    │                      │                                          │ assigned-clock-rates assigned-clock-parents"                                               │
[0m[👉]    │                      │                                          │  CONFIG_TPL_OF_PLATDATA=y                                                                  │
[0m[👉]    │                      │                                          │ [36m@@ -96,8 +97,9 @@ CONFIG_USB_OHCI_GENERIC=y[0m                                                │
[0m[👉]    │                      │                                          │  CONFIG_USB_DWC2=y                                                                         │
[0m[👉]    │                      │                                          │  CONFIG_USB_DWC3=y                                                                         │
[0m[👉]    │                      │                                          │  # CONFIG_USB_DWC3_GADGET is not set                                                       │
[0m[👉]    │                      │                                          │  CONFIG_USB_GADGET=y                                                                       │
[0m[👉]    │                      │                                          │  CONFIG_USB_GADGET_DWC2_OTG=y                                                              │
[0m[👉]    │                      │                                          │ [32m+CONFIG_REGEX=y[0m                                                                            │
[0m[👉]    │                      │                                          │  CONFIG_SPL_TINY_MEMSET=y                                                                  │
[0m[👉]    │                      │                                          │  CONFIG_TPL_TINY_MEMSET=y                                                                  │
[0m[👉]    │                      │                                          │  CONFIG_ERRNO_STR=y                                                                        │
[0m[👉]    │                      │                                          │                                                                                            │
[0m[👉]    ├──────────────────────┼──────────────────────────────────────────┼────────────────────────────────────────────────────────────────────────────────────────────┤
[0m[👉]    │ [1;31mrk3328-efuse-driver[0m  │ patching file                            │ [31m--- drivers/misc/rockchip-efuse.c[0m                                                          │
[0m[👉]    │                      │ "drivers/misc/rockchip-efuse.c"          │ [32m+++ drivers/misc/rockchip-efuse.c[0m                                                          │
[0m[👉]    │                      │ Hunk #1 FAILED at 13.                    │ [36m@@ -13,8 +13,18 @@[0m                                                                         │
[0m[👉]    │                      │ Hunk #2 FAILED at 27.                    │  #include <dm.h>                                                                           │
[0m[👉]    │                      │ Hunk #3 FAILED at 35.                    │  #include <linux/bitops.h>                                                                 │
[0m[👉]    │                      │ Hunk #4 succeeded at 194 [1;33mwith fuzz[0m 2     │  #include <linux/delay.h>                                                                  │
[0m[👉]    │                      │ ([1;33moffset [0m111 lines).                      │ [32m+#include <malloc.h>[0m                                                                       │
[0m[👉]    │                      │ Hunk #5 FAILED at 181.                   │  #include <misc.h>                                                                         │
[0m[👉]    │                      │ Hunk #6 FAILED at 197.                   │                                                                                            │
[0m[👉]    │                      │ 5 out of 6 [1;31mhunks FAILED[0m -- saving        │ [32m+#define RK3328_INT_STATUS  [0m[32m0x0018[0m                                                         │
[0m[👉]    │                      │ rejects to file "/tmp/tmprggow2d3"       │ [32m+#define RK3328_DOUT    [0m[32m    [0m[32m0x0020[0m                                                         │
[0m[👉]    │                      │ patching file                            │ [32m+#define RK3328_AUTO_CTRL   [0m[32m0x0024[0m                                                         │
[0m[👉]    │                      │ "include/configs/rk3328_common.h"        │ [32m+#define RK3328_INT_FINISH  [0m[32mBIT(0)[0m                                                         │
[0m[👉]    │                      │ Hunk #1 FAILED at 23.                    │ [32m+#define RK3328_AUTO_ENB    [0m[32m    [0m[32mBIT(0)[0m                                                     │
[0m[👉]    │                      │ 1 out of 1 [1;31mhunk FAILED[0m -- saving rejects │ [32m+#define RK3328_AUTO_RD [0m[32m    [0m[32mBIT(1)[0m                                                         │
[0m[👉]    │                      │ to file "/tmp/tmprggow2d3"               │ [32m+#define RK3328_NO_SECURE_BYTES [0m[32m32[0m                                                         │
[0m[👉]    │                      │                                          │ [32m+#define RK3328_SECURE_BYTES    [0m[32m96[0m                                                         │
[0m[👉]    │                      │                                          │ [32m+[0m                                                                                          │
[0m[👉]    │                      │                                          │  #define RK3399_A_SHIFT          16                                                        │
[0m[👉]    │                      │                                          │  #define RK3399_A_MASK           0x3ff                                                     │
[0m[👉]    │                      │                                          │  #define RK3399_NFUSES           32                                                        │
[0m[👉]    │                      │                                          │ [36m@@ -27,6 +37,9 @@[0m                                                                          │
[0m[👉]    │                      │                                          │  #define RK3399_STROBE           BIT(1)                                                    │
[0m[👉]    │                      │                                          │  #define RK3399_CSB              BIT(0)                                                    │
[0m[👉]    │                      │                                          │                                                                                            │
[0m[👉]    │                      │                                          │ [32m+typedef int (*EFUSE_READ)(struct udevice *dev, int offset, void *buf,[0m                     │
[0m[👉]    │                      │                                          │ [32m+   [0m[32m    [0m[32m    [0m[32m  int size);[0m                                                                   │
[0m[👉]    │                      │                                          │ [32m+[0m                                                                                          │
[0m[👉]    │                      │                                          │  struct rockchip_efuse_regs {                                                              │
[0m[👉]    │                      │                                          │     u32 ctrl;      /* 0x00  efuse control register */                                      │
[0m[👉]    │                      │                                          │     u32 dout;      /* 0x04  efuse data out register */                                     │
[0m[👉]    │                      │                                          │ [36m@@ -35,6 +48,10 @@ struct rockchip_efuse_regs {[0m                                            │
[0m[👉]    │                      │                                          │     u32 jtag_pass; /* 0x10  JTAG password */                                               │
[0m[👉]    │                      │                                          │     u32 strobe_finish_ctrl;                                                                │
[0m[👉]    │                      │                                          │                /* 0x14  efuse strobe finish control register */                            │
[0m[👉]    │                      │                                          │ [32m+   [0m[32mu32 int_status;/* 0x18 */[0m                                                              │
[0m[👉]    │                      │                                          │ [32m+   [0m[32mu32 reserved;  /* 0x1c */[0m                                                              │
[0m[👉]    │                      │                                          │ [32m+   [0m[32mu32 dout2;     /* 0x20 */[0m                                                              │
[0m[👉]    │                      │                                          │ [32m+   [0m[32mu32 auto_ctrl; /* 0x24 */[0m                                                              │
[0m[👉]    │                      │                                          │  };                                                                                        │
[0m[👉]    │                      │                                          │                                                                                            │
[0m[👉]    │                      │                                          │  struct rockchip_efuse_plat {                                                              │
[0m[👉]    │                      │                                          │ [36m@@ -181,7 +249,13 @@ static int rockchip_rk3399_efuse_read(struct udevice *dev, int [0m       │
[0m[👉]    │                      │                                          │ [36moffset,[0m                                                                                    │
[0m[👉]    │                      │                                          │  static int rockchip_efuse_read(struct udevice *dev, int offset,                           │
[0m[👉]    │                      │                                          │                    void *buf, int size)                                                    │
[0m[👉]    │                      │                                          │  {                                                                                         │
[0m[👉]    │                      │                                          │ [31m-   [0m[31mreturn rockchip_rk3399_efuse_read(dev, offset, buf, size);[0m                             │
[0m[👉]    │                      │                                          │ [32m+   [0m[32mEFUSE_READ efuse_read = NULL;[0m                                                          │
[0m[👉]    │                      │                                          │ [32m+[0m                                                                                          │
[0m[👉]    │                      │                                          │ [32m+   [0m[32mefuse_read = (EFUSE_READ)dev_get_driver_data(dev);[0m                                     │
[0m[👉]    │                      │                                          │ [32m+   [0m[32mif (!efuse_read)[0m                                                                       │
[0m[👉]    │                      │                                          │ [32m+   [0m[32m    [0m[32mreturn -EINVAL;[0m                                                                    │
[0m[👉]    │                      │                                          │ [32m+[0m                                                                                          │
[0m[👉]    │                      │                                          │ [32m+   [0m[32mreturn (*efuse_read)(dev, offset, buf, size);[0m                                          │
[0m[👉]    │                      │                                          │  }                                                                                         │
[0m[👉]    │                      │                                          │                                                                                            │
[0m[👉]    │                      │                                          │  static const struct misc_ops rockchip_efuse_ops = {                                       │
[0m[👉]    │                      │                                          │ [36m@@ -197,7 +271,14 @@ static int rockchip_efuse_ofdata_to_platdata(struct udevice *dev)[0m     │
[0m[👉]    │                      │                                          │  }                                                                                         │
[0m[👉]    │                      │                                          │                                                                                            │
[0m[👉]    │                      │                                          │  static const struct udevice_id rockchip_efuse_ids[] = {                                   │
[0m[👉]    │                      │                                          │ [31m-   [0m[31m{ .compatible = "rockchip,rk3399-efuse" },[0m                                             │
[0m[👉]    │                      │                                          │ [32m+   [0m[32m{[0m                                                                                      │
[0m[👉]    │                      │                                          │ [32m+   [0m[32m    [0m[32m.compatible = "rockchip,rk3328-efuse",[0m                                             │
[0m[👉]    │                      │                                          │ [32m+   [0m[32m    [0m[32m.data = (ulong)&rockchip_rk3328_efuse_read,[0m                                        │
[0m[👉]    │                      │                                          │ [32m+   [0m[32m},[0m                                                                                     │
[0m[👉]    │                      │                                          │ [32m+   [0m[32m{[0m                                                                                      │
[0m[👉]    │                      │                                          │ [32m+   [0m[32m    [0m[32m.compatible = "rockchip,rk3399-efuse",[0m                                             │
[0m[👉]    │                      │                                          │ [32m+   [0m[32m    [0m[32m.data = (ulong)&rockchip_rk3399_efuse_read,[0m                                        │
[0m[👉]    │                      │                                          │ [32m+   [0m[32m},[0m                                                                                     │
[0m[👉]    │                      │                                          │     {}                                                                                     │
[0m[👉]    │                      │                                          │  };                                                                                        │
[0m[👉]    │                      │                                          │                                                                                            │
[0m[👉]    │                      │                                          │ [31m--- include/configs/rk3328_common.h[0m                                                        │
[0m[👉]    │                      │                                          │ [32m+++ include/configs/rk3328_common.h[0m                                                        │
[0m[👉]    │                      │                                          │ [36m@@ -23,6 +23,10 @@[0m                                                                         │
[0m[👉]    │                      │                                          │  #define CONFIG_SPL_BSS_START_ADDR  0x2000000                                              │
[0m[👉]    │                      │                                          │  #define CONFIG_SPL_BSS_MAX_SIZE        0x2000                                             │
[0m[👉]    │                      │                                          │                                                                                            │
[0m[👉]    │                      │                                          │ [32m+#define CONFIG_MISC 1[0m                                                                     │
[0m[👉]    │                      │                                          │ [32m+#define CONFIG_MISC_INIT_R 1[0m                                                              │
[0m[👉]    │                      │                                          │ [32m+#define CONFIG_ROCKCHIP_EFUSE 1[0m                                                           │
[0m[👉]    │                      │                                          │ [32m+[0m                                                                                          │
[0m[👉]    │                      │                                          │  #define CONFIG_SYS_BOOTM_LEN   (64 << 20)  /* 64M */                                      │
[0m[👉]    │                      │                                          │                                                                                            │
[0m[👉]    │                      │                                          │  /* FAT sd card locations. */                                                              │
[0m[👉]    │                      │                                          │                                                                                            │
[0m[👉]    ├──────────────────────┼──────────────────────────────────────────┼────────────────────────────────────────────────────────────────────────────────────────────┤
[0m[👉]    │ [1;31mrk3328-resets-for-mm[0m │ can't find file to patch at input line 9 │ No rejects                                                                                 │
[0m[👉]    │ [1;31mc-controllers[0m        │ Perhaps you used the wrong -p or --strip │                                                                                            │
[0m[👉]    │                      │ option?                                  │                                                                                            │
[0m[👉]    │                      │ The text leading up to this was:         │                                                                                            │
[0m[👉]    │                      │ --------------------------               │                                                                                            │
[0m[👉]    │                      │ |---                                     │                                                                                            │
[0m[👉]    │                      │ | arch/arm/dts/rk3328.dtsi | 7 +++++++   │                                                                                            │
[0m[👉]    │                      │ | 1 file changed, 7 insertions(+)        │                                                                                            │
[0m[👉]    │                      │ |                                        │                                                                                            │
[0m[👉]    │                      │ |diff --git a/arch/arm/dts/rk3328.dtsi   │                                                                                            │
[0m[👉]    │                      │ b/arch/arm/dts/rk3328.dtsi               │                                                                                            │
[0m[👉]    │                      │ |index 945387e5..3314d5e4 100644         │                                                                                            │
[0m[👉]    │                      │ |--- a/arch/arm/dts/rk3328.dtsi          │                                                                                            │
[0m[👉]    │                      │ |+++ b/arch/arm/dts/rk3328.dtsi          │                                                                                            │
[0m[👉]    │                      │ --------------------------               │                                                                                            │
[0m[👉]    │                      │ No file to patch.  Skipping patch.       │                                                                                            │
[0m[👉]    │                      │ 3 out of 3[1;33m hunks ignored[0m                 │                                                                                            │
[0m[👉]    │                      │                                          │                                                                                            │
[0m[👉]    ├──────────────────────┼──────────────────────────────────────────┼────────────────────────────────────────────────────────────────────────────────────────────┤
[0m[👉]    │ [1;31mrk3328-sdmmc_ext-nod[0m │ can't find file to patch at input line 9 │ No rejects                                                                                 │
[0m[👉]    │ [1;31me[0m                    │ Perhaps you used the wrong -p or --strip │                                                                                            │
[0m[👉]    │                      │ option?                                  │                                                                                            │
[0m[👉]    │                      │ The text leading up to this was:         │                                                                                            │
[0m[👉]    │                      │ --------------------------               │                                                                                            │
[0m[👉]    │                      │ |---                                     │                                                                                            │
[0m[👉]    │                      │ | arch/arm/dts/rk3328.dtsi | 14          │                                                                                            │
[0m[👉]    │                      │ ++++++++++++++                           │                                                                                            │
[0m[👉]    │                      │ | 1 file changed, 14 insertions(+)       │                                                                                            │
[0m[👉]    │                      │ |                                        │                                                                                            │
[0m[👉]    │                      │ |diff --git a/arch/arm/dts/rk3328.dtsi   │                                                                                            │
[0m[👉]    │                      │ b/arch/arm/dts/rk3328.dtsi               │                                                                                            │
[0m[👉]    │                      │ |index 3314d5e4..a1fedc56 100644         │                                                                                            │
[0m[👉]    │                      │ |--- a/arch/arm/dts/rk3328.dtsi          │                                                                                            │
[0m[👉]    │                      │ |+++ b/arch/arm/dts/rk3328.dtsi          │                                                                                            │
[0m[👉]    │                      │ --------------------------               │                                                                                            │
[0m[👉]    │                      │ No file to patch.  Skipping patch.       │                                                                                            │
[0m[👉]    │                      │ 1 out of 1[1;33m hunk ignored[0m                  │                                                                                            │
[0m[👉]    │                      │                                          │                                                                                            │
[0m[👉]    ├──────────────────────┼──────────────────────────────────────────┼────────────────────────────────────────────────────────────────────────────────────────────┤
[0m[👉]    │ [1;31mrk3399-enable-stable[0m │ patching file                            │ [31m--- include/configs/rk3399_common.h[0m                                                        │
[0m[👉]    │ [1;31m-mac[0m                 │ "include/configs/rk3399_common.h"        │ [32m+++ include/configs/rk3399_common.h[0m                                                        │
[0m[👉]    │                      │ Hunk #1 FAILED at 19.                    │ [36m@@ -19,6 +19,10 @@[0m                                                                         │
[0m[👉]    │                      │ 1 out of 1 [1;31mhunk FAILED[0m -- saving rejects │  #define CONFIG_SYS_INIT_SP_ADDR        0x00300000                                         │
[0m[👉]    │                      │ to file "/tmp/tmpe9dlc8fq"               │  #define CONFIG_SYS_LOAD_ADDR       0x00800800                                             │
[0m[👉]    │                      │                                          │                                                                                            │
[0m[👉]    │                      │                                          │ [32m+#define CONFIG_MISC 1[0m                                                                     │
[0m[👉]    │                      │                                          │ [32m+#define CONFIG_MISC_INIT_R 1[0m                                                              │
[0m[👉]    │                      │                                          │ [32m+#define CONFIG_ROCKCHIP_EFUSE 1[0m                                                           │
[0m[👉]    │                      │                                          │ [32m+[0m                                                                                          │
[0m[👉]    │                      │                                          │  #if defined(CONFIG_SPL_BUILD) && defined(CONFIG_TPL_BOOTROM_SUPPORT)                      │
[0m[👉]    │                      │                                          │  #define CONFIG_SPL_STACK       0x00400000                                                 │
[0m[👉]    │                      │                                          │  #define CONFIG_SPL_MAX_SIZE             0x40000                                           │
[0m[👉]    │                      │                                          │                                                                                            │
[0m[👉]    ├──────────────────────┼──────────────────────────────────────────┼────────────────────────────────────────────────────────────────────────────────────────────┤
[0m[👉]    │ [1;31mrk3399-rp64-rng[0m      │ can't find file to patch at input line 5 │ No rejects                                                                                 │
[0m[👉]    │                      │ Perhaps you used the wrong -p or --strip │                                                                                            │
[0m[👉]    │                      │ option?                                  │                                                                                            │
[0m[👉]    │                      │ The text leading up to this was:         │                                                                                            │
[0m[👉]    │                      │ --------------------------               │                                                                                            │
[0m[👉]    │                      │ |diff --git a/arch/arm/dts/rk3399.dtsi   │                                                                                            │
[0m[👉]    │                      │ b/arch/arm/dts/rk3399.dtsi               │                                                                                            │
[0m[👉]    │                      │ |index 3871c7fd..fda51508 100644         │                                                                                            │
[0m[👉]    │                      │ |--- a/arch/arm/dts/rk3399.dtsi          │                                                                                            │
[0m[👉]    │                      │ |+++ b/arch/arm/dts/rk3399.dtsi          │                                                                                            │
[0m[👉]    │                      │ --------------------------               │                                                                                            │
[0m[👉]    │                      │ No file to patch.  Skipping patch.       │                                                                                            │
[0m[👉]    │                      │ 1 out of 1[1;33m hunk ignored[0m                  │                                                                                            │
[0m[👉]    │                      │                                          │                                                                                            │
[0m[👉]    ├──────────────────────┼──────────────────────────────────────────┼────────────────────────────────────────────────────────────────────────────────────────────┤
[0m[👉]    │ [1;31msdmmc-force-fifo-mod[0m │ patching file                            │ [31m--- drivers/mmc/rockchip_dw_mmc.c[0m                                                          │
[0m[👉]    │ [1;31me-in-spl[0m             │ "drivers/mmc/rockchip_dw_mmc.c"          │ [32m+++ drivers/mmc/rockchip_dw_mmc.c[0m                                                          │
[0m[👉]    │                      │ Hunk #1 FAILED at 70.                    │ [36m@@ -70,7 +70,11 @@ static int rockchip_dwmmc_ofdata_to_platdata(struct udevice *dev)[0m       │
[0m[👉]    │                      │ 1 out of 1 [1;31mhunk FAILED[0m -- saving rejects │                                                                                            │
[0m[👉]    │                      │ to file "/tmp/tmpon4jda4z"               │     if (priv->fifo_depth < 0)                                                              │
[0m[👉]    │                      │                                          │         return -EINVAL;                                                                    │
[0m[👉]    │                      │                                          │ [32m+#ifdef CONFIG_SPL_BUILD[0m                                                                   │
[0m[👉]    │                      │                                          │ [32m+   [0m[32mpriv->fifo_mode = true; // always force fifo mode[0m                                      │
[0m[👉]    │                      │                                          │ [32m+#else[0m                                                                                     │
[0m[👉]    │                      │                                          │     priv->fifo_mode = dev_read_bool(dev, "fifo-mode");                                     │
[0m[👉]    │                      │                                          │ [32m+#endif[0m                                                                                    │
[0m[👉]    │                      │                                          │                                                                                            │
[0m[👉]    │                      │                                          │     /*                                                                                     │
[0m[👉]    │                      │                                          │      * 'clock-freq-min-max' is deprecated                                                  │
[0m[👉]    │                      │                                          │                                                                                            │
[0m[👉]    ├──────────────────────┼──────────────────────────────────────────┼────────────────────────────────────────────────────────────────────────────────────────────┤
[0m[👉]    │ [1;31mu-boot-rk-rk3399-usb[0m │ patching file                            │ [31m--- configs/firefly-rk3399_defconfig[0m                                                       │
[0m[👉]    │ [1;31m-start-firefly-rk339[0m │ "configs/firefly-rk3399_defconfig"       │ [32m+++ configs/firefly-rk3399_defconfig[0m                                                       │
[0m[👉]    │ [1;31m9[0m                    │ Hunk #1 FAILED at 41.                    │ [36m@@ -41,6 +41,8 @@[0m                                                                          │
[0m[👉]    │                      │ Hunk #2 FAILED at 58.                    │  CONFIG_GMAC_ROCKCHIP=y                                                                    │
[0m[👉]    │                      │ 2 out of 2 [1;31mhunks FAILED[0m -- saving        │  CONFIG_NVME=y                                                                             │
[0m[👉]    │                      │ rejects to file "/tmp/tmph3subtxv"       │  CONFIG_PCI=y                                                                              │
[0m[👉]    │                      │                                          │ [32m+CONFIG_PHY_ROCKCHIP_INNO_USB2=y[0m                                                           │
[0m[👉]    │                      │                                          │ [32m+CONFIG_PHY_ROCKCHIP_TYPEC=y[0m                                                               │
[0m[👉]    │                      │                                          │  CONFIG_PMIC_RK8XX=y                                                                       │
[0m[👉]    │                      │                                          │  CONFIG_REGULATOR_PWM=y                                                                    │
[0m[👉]    │                      │                                          │  CONFIG_REGULATOR_RK8XX=y                                                                  │
[0m[👉]    │                      │                                          │ [36m@@ -58,11 +60,18 @@[0m                                                                        │
[0m[👉]    │                      │                                          │  CONFIG_USB_EHCI_GENERIC=y                                                                 │
[0m[👉]    │                      │                                          │  CONFIG_USB_DWC3=y                                                                         │
[0m[👉]    │                      │                                          │  CONFIG_USB_DWC3_GENERIC=y                                                                 │
[0m[👉]    │                      │                                          │ [32m+CONFIG_ROCKCHIP_USB2_PHY=y[0m                                                                │
[0m[👉]    │                      │                                          │ [32m+CONFIG_USB_KEYBOARD=y[0m                                                                     │
[0m[👉]    │                      │                                          │ [32m+CONFIG_USB_GADGET=y[0m                                                                       │
[0m[👉]    │                      │                                          │  CONFIG_USB_HOST_ETHER=y                                                                   │
[0m[👉]    │                      │                                          │  CONFIG_USB_ETHER_ASIX=y                                                                   │
[0m[👉]    │                      │                                          │  CONFIG_USB_ETHER_ASIX88179=y                                                              │
[0m[👉]    │                      │                                          │  CONFIG_USB_ETHER_MCS7830=y                                                                │
[0m[👉]    │                      │                                          │  CONFIG_USB_ETHER_RTL8152=y                                                                │
[0m[👉]    │                      │                                          │  CONFIG_USB_ETHER_SMSC95XX=y                                                               │
[0m[👉]    │                      │                                          │ [32m+CONFIG_DM_VIDEO=y[0m                                                                         │
[0m[👉]    │                      │                                          │ [32m+CONFIG_DISPLAY=y[0m                                                                          │
[0m[👉]    │                      │                                          │ [32m+CONFIG_VIDEO_ROCKCHIP=y[0m                                                                   │
[0m[👉]    │                      │                                          │ [32m+CONFIG_DISPLAY_ROCKCHIP_HDMI=y[0m                                                            │
[0m[👉]    │                      │                                          │  CONFIG_SPL_TINY_MEMSET=y                                                                  │
[0m[👉]    │                      │                                          │  CONFIG_ERRNO_STR=y                                                                        │
[0m[👉]    │                      │                                          │                                                                                            │
[0m[👉]    ├──────────────────────┼──────────────────────────────────────────┼────────────────────────────────────────────────────────────────────────────────────────────┤
[0m[👉]    │ [1;31mu-boot-rk-rk3399-usb[0m │ patching file                            │ [31m--- configs/nanopc-t4-rk3399_defconfig[0m                                                     │
[0m[👉]    │ [1;31m-start-nanopc-t4[0m     │ "configs/nanopc-t4-rk3399_defconfig"     │ [32m+++ configs/nanopc-t4-rk3399_defconfig[0m                                                     │
[0m[👉]    │                      │ Hunk #1 FAILED at 28.                    │ [36m@@ -28,6 +28,7 @@[0m                                                                          │
[0m[👉]    │                      │ Hunk #2 FAILED at 37.                    │  CONFIG_SYS_RELOC_GD_ENV_ADDR=y                                                            │
[0m[👉]    │                      │ Hunk #3 FAILED at 51.                    │  CONFIG_ROCKCHIP_GPIO=y                                                                    │
[0m[👉]    │                      │ 3 out of 3 [1;31mhunks FAILED[0m -- saving        │  CONFIG_SYS_I2C_ROCKCHIP=y                                                                 │
[0m[👉]    │                      │ rejects to file "/tmp/tmpy573e1u2"       │ [32m+CONFIG_MISC=y[0m                                                                             │
[0m[👉]    │                      │                                          │  CONFIG_MMC_DW=y                                                                           │
[0m[👉]    │                      │                                          │  CONFIG_MMC_DW_ROCKCHIP=y                                                                  │
[0m[👉]    │                      │                                          │  CONFIG_MMC_SDHCI=y                                                                        │
[0m[👉]    │                      │                                          │ [36m@@ -37,6 +38,8 @@[0m                                                                          │
[0m[👉]    │                      │                                          │  CONFIG_GMAC_ROCKCHIP=y                                                                    │
[0m[👉]    │                      │                                          │  CONFIG_NVME=y                                                                             │
[0m[👉]    │                      │                                          │  CONFIG_PCI=y                                                                              │
[0m[👉]    │                      │                                          │ [32m+CONFIG_PHY_ROCKCHIP_INNO_USB2=y[0m                                                           │
[0m[👉]    │                      │                                          │ [32m+CONFIG_PHY_ROCKCHIP_TYPEC=y[0m                                                               │
[0m[👉]    │                      │                                          │  CONFIG_PMIC_RK8XX=y                                                                       │
[0m[👉]    │                      │                                          │  CONFIG_REGULATOR_PWM=y                                                                    │
[0m[👉]    │                      │                                          │  CONFIG_REGULATOR_RK8XX=y                                                                  │
[0m[👉]    │                      │                                          │ [36m@@ -51,6 +54,7 @@[0m                                                                          │
[0m[👉]    │                      │                                          │  CONFIG_USB_EHCI_HCD=y                                                                     │
[0m[👉]    │                      │                                          │  CONFIG_USB_EHCI_GENERIC=y                                                                 │
[0m[👉]    │                      │                                          │  CONFIG_USB_DWC3=y                                                                         │
[0m[👉]    │                      │                                          │ [32m+CONFIG_USB_DWC3_GENERIC=y[0m                                                                 │
[0m[👉]    │                      │                                          │  CONFIG_USB_KEYBOARD=y                                                                     │
[0m[👉]    │                      │                                          │  CONFIG_USB_HOST_ETHER=y                                                                   │
[0m[👉]    │                      │                                          │  CONFIG_USB_ETHER_ASIX=y                                                                   │
[0m[👉]    │                      │                                          │                                                                                            │
[0m[👉]    ├──────────────────────┼──────────────────────────────────────────┼────────────────────────────────────────────────────────────────────────────────────────────┤
[0m[👉]    │ [1;31mu-boot-rk-rk3399-usb[0m │ patching file                            │ [31m--- include/configs/rockchip-common.h[0m                                                      │
[0m[👉]    │ [1;31m-start[0m               │ "include/configs/rockchip-common.h"      │ [32m+++ include/configs/rockchip-common.h[0m                                                      │
[0m[👉]    │                      │ Hunk #1 FAILED at 61.                    │ [36m@@ -61,10 +61,10 @@[0m                                                                        │
[0m[👉]    │                      │ 1 out of 1 [1;31mhunk FAILED[0m -- saving rejects │                                                                                            │
[0m[👉]    │                      │ to file "/tmp/tmp9d3z72cw"               │  #ifdef CONFIG_ROCKCHIP_RK3399                                                             │
[0m[👉]    │                      │                                          │  #define BOOT_TARGET_DEVICES(func) \                                                       │
[0m[👉]    │                      │                                          │ [32m+   [0m[32mBOOT_TARGET_USB(func) \[0m                                                                │
[0m[👉]    │                      │                                          │     BOOT_TARGET_MMC(func) \                                                                │
[0m[👉]    │                      │                                          │     BOOT_TARGET_NVME(func) \                                                               │
[0m[👉]    │                      │                                          │     BOOT_TARGET_SCSI(func) \                                                               │
[0m[👉]    │                      │                                          │ [31m-   [0m[31mBOOT_TARGET_USB(func) \[0m                                                                │
[0m[👉]    │                      │                                          │     BOOT_TARGET_PXE(func) \                                                                │
[0m[👉]    │                      │                                          │     BOOT_TARGET_DHCP(func) \                                                               │
[0m[👉]    │                      │                                          │     BOOT_TARGET_SF(func)                                                                   │
[0m[👉]    │                      │                                          │                                                                                            │
[0m[👉]    ╰──────────────────────┴──────────────────────────────────────────┴────────────────────────────────────────────────────────────────────────────────────────────╯
[0m[👉]    Traceback (most recent call last):
[0m[👉]      File "/app/armbian-build/lib/tools/patching.py", line 640, in <module>
[0m[👉]        raise exit_with_exception
[0m[👉]    Exception: Failed to apply 30 patches.
[0m[💥[0m] [0m    👆👆👆 Showing logfile above 👆👆👆 [[1;31m /app/armbian-build/.tmp/logs-e4ca9b0c-4853-4bda-91d7-8b9b96ee4ce5/023.000.compile_uboot.log [0m][0m
[0m[💥[0m] [0mError 1 occurred in main shell [[1;31m at /app/armbian-build/lib/functions/logging/runners.sh:276
[0;31m    run_host_command_logged_raw() --> lib/functions/logging/runners.sh:276
[0;31m        run_host_command_logged() --> lib/functions/logging/runners.sh:258
[0;31m     uboot_main_patching_python() --> lib/functions/compilation/uboot-patching.sh:59
[0;31m                  do_with_hooks() --> lib/functions/general/extensions.sh:618
[0;31m             patch_uboot_target() --> lib/functions/compilation/uboot.sh:42
[0;31m           compile_uboot_target() --> lib/functions/compilation/uboot.sh:69
[0;31m   loop_over_uboot_targets_and_do() --> lib/functions/compilation/uboot.sh:368
[0;31m                  compile_uboot() --> lib/functions/compilation/uboot.sh:459
[0;31m                do_with_logging() --> lib/functions/logging/section-logging.sh:85
[0;31m   artifact_uboot_build_from_sources() --> lib/functions/artifacts/artifact-uboot.sh:196
[0;31m    artifact_build_from_sources() --> lib/functions/artifacts/artifacts-obtain.sh:34
[0;31m       obtain_complete_artifact() --> lib/functions/artifacts/artifacts-obtain.sh:280
[0;31m       build_artifact_for_image() --> lib/functions/artifacts/artifacts-obtain.sh:396
[0;31m    main_default_build_packages() --> lib/functions/main/build-packages.sh:97
[0;31m   full_build_packages_rootfs_and_image() --> lib/functions/main/default-build.sh:31
[0;31m          do_with_default_build() --> lib/functions/main/default-build.sh:42
[0;31m         cli_standard_build_run() --> lib/functions/cli/cli-build.sh:25
[0;31m        armbian_cli_run_command() --> lib/functions/cli/utils-cli.sh:136
[0;31m                 cli_entrypoint() --> lib/functions/cli/entrypoint.sh:224
[0;31m                           main() --> ./compile.sh:50
 [0m][0m
[0m[💥[0m] [0mCleaning up [[1;31m please wait for cleanups to finish [0m][0m
[0m[✨[0m] [0mRepeat Build Options [[1;32m ./compile.sh BOARD=geekbox BRANCH=current BUILD_DESKTOP=no BUILD_MINIMAL=yes EXPERT=yes IGNORE_UBOOT_PATCHES=yes KERNEL_CONFIGURE=no NO_APT_CACHER=yes RELEASE=bookworm [0m][0m
[0m[🌿[0m] [0mANSI log file built; inspect it by running: [[1;39m less -RS output/logs/log-build-e4ca9b0c-4853-4bda-91d7-8b9b96ee4ce5.log.ans [0m][0m
[0m[🌱[0m] [0mShare log manually: [[1;32m use one of the commands below (or add SHARE_LOG=yes next time!) [0m][0m
[0m[🌿[0m] [0mShare log manually: [[1;39m curl --data-binary @output/logs/log-build-e4ca9b0c-4853-4bda-91d7-8b9b96ee4ce5.log.ans https://paste.armbian.com/log [0m][0m
[0m[🌿[0m] [0mShare log manually: [[1;39m curl --data-binary @output/logs/log-build-e4ca9b0c-4853-4bda-91d7-8b9b96ee4ce5.log.ans https://paste.armbian.de/log [0m][0m
[0m[🌿[0m] [0mShare log manually: [[1;39m curl --data-binary @output/logs/log-build-e4ca9b0c-4853-4bda-91d7-8b9b96ee4ce5.log.ans https://paste.next.armbian.com/log [0m][0m
[0m[🌿[0m] [0mShare log manually: [[1;39m curl --data-binary @output/logs/log-build-e4ca9b0c-4853-4bda-91d7-8b9b96ee4ce5.log.ans https://paste.armbian.eu/log [0m][0m
